Country,Data source,Sector,Gas,Unit,2019,2018,2017,2016,2015,2014,2013,2012,2011,2010,2009,2008,2007,2006,2005,2004,2003,2002,2001,2000,1999,1998,1997,1996,1995,1994,1993,1992,1991,1990
World,CAIT,Energy,All GHG,MtCO₂e,37636.1,37603.22,36777.63,36188.89,36173.7,36279.47,36184.99,35563.41,35154.37,34193.57,32273.72,32761.33,32502.57,31397.94,30469.42,29388.57,28104.1,26896.94,26575.95,26214.39,25389.87,25257.77,25075.28,24656.11,24150.88,23501.77,23395.58,23265.41,23365.41,23244.24
China,CAIT,Energy,All GHG,MtCO₂e,10618.71,10432.77,10025.78,9806.69,9860.68,9959.18,9958.66,9527.48,9274.74,8485.09,7736.88,7247.41,7042.44,6496.1,5904.05,5189.24,4465.03,3862.22,3594.68,3425.69,3236.82,3340.24,3252.67,3198.31,3227.72,2899.43,2787.71,2571.87,2474.85,2360.68
World,CAIT,Transportation,All GHG,MtCO₂e,8434.96,8417.75,8278.48,8073.9,7923.23,7685.67,7558.39,7363.53,7304.02,7188.99,6895.3,7035.93,7028.8,6817.33,6661.08,6517.0,6228.07,6100.43,5945.73,5913.67,5731.34,5566.9,5440.03,5360.38,5148.97,5012.39,4913.8,4871.85,4764.85,4725.54
United States,CAIT,Energy,All GHG,MtCO₂e,5246.37,5372.73,5177.8,5239.7,5355.68,5471.15,5435.44,5288.81,5498.44,5700.68,5448.71,5847.12,6014.44,5922.68,6020.2,6001.85,5921.98,5856.22,6017.13,6045.06,5876.78,5863.62,5817.29,5546.45,5387.41,5334.97,5255.97,5147.1,5073.75,5112.27
European Union (27),CAIT,Energy,All GHG,MtCO₂e,2731.36,2869.38,2935.99,2915.36,2905.92,2845.27,2998.5,3073.68,3128.1,3225.42,3137.01,3371.99,3441.6,3486.61,3479.56,3497.81,3497.94,3405.01,3412.51,3352.95,3347.54,3407.89,3419.04,3492.09,3389.17,3336.96,3357.54,3412.3,3535.21,3569.46
India,CAIT,Energy,All GHG,MtCO₂e,2422.24,2421.71,2305.08,2177.18,2144.32,2133.15,1963.54,1907.68,1762.14,1668.13,1574.49,1435.51,1349.63,1228.5,1152.94,1104.26,1032.72,1006.61,975.46,960.19,924.19,863.68,848.91,805.05,770.77,718.91,685.7,661.97,645.15,602.05
Russia,CAIT,Energy,All GHG,MtCO₂e,2208.96,2152.13,2057.55,2018.42,2022.95,2033.7,2057.77,2101.63,2132.52,2046.1,1957.19,2080.47,2083.36,2078.21,2039.29,2013.26,2015.91,1942.21,1938.61,1926.92,1881.9,1835.18,1832.66,1958.53,1995.03,2054.47,2262.92,2430.12,2584.63,2639.05
United States,CAIT,Transportation,All GHG,MtCO₂e,1815.66,1820.88,1781.51,1768.76,1756.63,1694.6,1701.51,1650.09,1686.21,1733.13,1674.02,1761.59,1862.03,1861.33,1861.92,1842.0,1818.94,1792.97,1770.17,1767.78,1735.15,1688.19,1648.88,1623.42,1583.18,1551.22,1497.05,1472.87,1440.67,1468.6
Japan,CAIT,Energy,All GHG,MtCO₂e,1072.55,1106.81,1146.09,1159.04,1170.75,1208.1,1253.95,1245.91,1206.13,1149.0,1091.98,1146.52,1211.68,1174.6,1197.57,1195.4,1199.7,1190.53,1152.21,1163.74,1146.38,1110.58,1148.37,1157.73,1144.0,1133.23,1080.47,1087.39,1077.31,1065.11
China,CAIT,Transportation,All GHG,MtCO₂e,926.36,926.84,901.3,868.04,850.57,790.7,760.69,704.19,638.59,584.09,531.21,521.06,481.11,446.64,408.31,381.27,321.7,283.95,261.19,255.21,161.34,144.05,149.92,173.91,130.65,119.37,128.96,113.87,103.06,96.28
European Union (27),CAIT,Transportation,All GHG,MtCO₂e,835.06,827.98,827.88,812.81,793.45,778.58,771.03,778.13,809.01,814.44,820.71,847.54,864.36,855.21,843.03,844.74,824.85,810.57,802.37,787.85,788.18,770.04,740.19,728.42,705.6,696.82,692.22,687.02,668.8,660.09
Iran,CAIT,Energy,All GHG,MtCO₂e,778.1,814.3,803.76,770.91,735.66,735.33,700.73,681.2,684.36,671.89,673.52,653.9,644.83,610.7,571.81,534.53,500.6,466.26,452.8,439.86,416.34,382.6,386.16,372.94,363.48,358.17,327.2,318.53,300.5,272.78
Germany,CAIT,Energy,All GHG,MtCO₂e,658.34,708.86,733.56,749.01,744.1,737.47,779.52,762.41,748.33,776.73,737.62,792.25,785.34,817.28,804.7,822.33,838.85,835.8,849.56,830.17,833.14,865.17,872.99,905.15,873.97,875.28,887.5,893.34,934.84,956.95
Indonesia,CAIT,Energy,All GHG,MtCO₂e,650.47,603.68,546.51,514.69,524.2,521.59,487.34,522.56,517.66,454.85,428.14,409.61,413.89,398.83,373.69,370.8,364.55,334.95,330.36,310.78,312.39,295.74,291.91,267.64,253.89,229.55,215.29,201.71,192.33,176.89
Canada,CAIT,Energy,All GHG,MtCO₂e,638.56,638.96,624.23,609.95,609.42,612.1,603.24,590.94,594.0,579.72,562.93,592.38,614.29,582.49,589.33,576.4,584.0,563.13,544.9,551.81,530.9,521.55,512.38,496.7,481.56,469.2,453.55,456.38,441.65,445.85
South Korea,CAIT,Energy,All GHG,MtCO₂e,593.98,614.28,608.43,597.14,589.98,570.51,582.58,583.24,581.25,558.15,508.71,495.35,483.81,470.84,463.63,465.57,443.29,441.33,451.4,437.23,382.7,347.81,407.01,386.21,361.65,331.72,307.43,280.77,261.32,237.91
Saudi Arabia,CAIT,Energy,All GHG,MtCO₂e,581.96,581.74,605.08,618.55,617.91,590.38,554.31,547.85,519.93,495.77,453.84,445.45,410.81,395.09,375.45,355.13,339.41,318.98,302.49,300.82,287.43,285.74,271.77,267.23,254.12,255.87,256.91,259.97,245.61,213.41
South Africa,CAIT,Energy,All GHG,MtCO₂e,477.1,471.43,473.55,462.37,462.3,486.76,475.25,465.48,446.59,462.55,440.91,464.51,433.27,415.08,413.28,416.19,388.0,363.78,353.9,317.88,311.88,329.78,321.45,304.82,295.04,281.83,275.28,265.43,269.21,273.93
Mexico,CAIT,Energy,All GHG,MtCO₂e,464.93,468.64,490.51,496.19,493.92,487.76,503.12,513.18,504.47,489.59,474.26,486.19,484.02,477.26,461.25,444.16,434.55,412.72,405.16,404.99,380.03,391.02,368.51,347.08,330.6,347.63,322.74,313.79,311.08,291.69
Brazil,CAIT,Energy,All GHG,MtCO₂e,450.58,449.28,472.02,460.05,496.25,520.12,493.43,461.31,426.1,406.74,358.64,383.13,361.89,346.11,342.79,339.26,320.54,325.27,324.28,317.23,303.24,292.31,282.93,264.47,244.76,227.32,219.52,212.62,208.27,201.44
Australia,CAIT,Energy,All GHG,MtCO₂e,430.18,428.18,429.88,424.01,415.82,407.76,414.03,418.25,416.81,418.88,423.7,416.6,413.07,401.22,395.42,390.29,376.7,377.52,369.3,361.74,354.33,349.16,327.21,319.08,307.99,296.61,290.01,284.82,280.39,278.23
Turkey,CAIT,Energy,All GHG,MtCO₂e,378.51,386.85,391.0,351.13,328.04,320.8,297.13,311.69,300.03,280.29,273.67,274.85,278.26,250.27,225.47,216.3,212.15,201.78,192.23,211.5,187.99,187.5,187.29,179.17,162.45,148.66,151.23,145.3,140.45,137.6
United Kingdom,CAIT,Energy,All GHG,MtCO₂e,354.41,366.25,372.18,385.91,406.13,420.55,459.03,473.45,451.25,489.56,473.82,521.92,536.38,548.5,547.95,550.86,551.63,539.73,554.58,540.14,532.11,534.53,532.66,554.48,535.46,543.56,549.64,565.56,577.85,567.35
Italy,CAIT,Energy,All GHG,MtCO₂e,319.99,327.8,332.3,336.18,340.39,329.38,348.6,378.12,395.13,404.23,395.64,441.59,453.86,461.08,468.26,466.0,456.45,437.37,429.99,430.31,427.51,421.45,410.62,407.32,410.15,387.11,391.43,394.26,396.57,397.34
India,CAIT,Transportation,All GHG,MtCO₂e,315.88,313.25,298.71,276.27,264.4,241.81,232.0,227.07,214.56,197.84,183.24,167.32,146.67,123.84,118.48,110.9,102.21,100.37,97.43,97.52,95.64,91.02,87.97,85.95,80.3,72.65,70.33,70.26,68.61,66.02
France,CAIT,Energy,All GHG,MtCO₂e,302.66,309.29,320.52,316.57,313.6,307.75,340.76,340.15,335.87,349.56,345.24,358.39,362.36,371.22,380.89,378.12,377.5,371.49,377.45,373.8,375.86,381.94,360.31,369.34,353.09,344.98,350.8,369.4,380.62,354.8
Vietnam,CAIT,Energy,All GHG,MtCO₂e,299.55,251.04,202.19,201.72,203.7,166.98,152.69,146.07,146.6,146.06,131.14,118.94,108.1,98.97,96.05,89.01,73.14,69.19,60.47,55.32,51.29,50.18,45.58,39.91,36.18,31.17,29.22,25.38,24.49,23.54
Poland,CAIT,Energy,All GHG,MtCO₂e,295.11,312.36,314.03,301.23,290.39,286.88,300.43,305.11,311.23,315.82,299.08,309.12,313.54,315.57,303.28,303.5,299.62,288.97,294.94,295.65,309.44,318.7,345.22,356.93,340.89,340.61,346.87,344.4,352.76,350.53
Iraq,CAIT,Energy,All GHG,MtCO₂e,290.51,276.44,266.04,251.78,230.19,217.12,216.2,203.69,178.45,166.94,151.62,142.47,125.37,129.71,129.73,135.95,115.75,136.36,150.9,144.38,127.73,139.15,148.79,116.08,116.79,118.28,102.37,76.73,50.71,103.79
Thailand,CAIT,Energy,All GHG,MtCO₂e,265.3,254.91,257.49,257.96,262.15,255.18,259.09,250.3,232.22,234.06,216.91,225.34,220.02,212.93,211.19,204.12,186.62,178.75,168.75,160.8,159.81,153.48,168.52,164.14,146.34,129.5,116.13,103.34,94.88,85.59
Russia,CAIT,Transportation,All GHG,MtCO₂e,262.39,264.77,251.39,245.4,245.94,246.78,244.03,242.56,255.0,249.18,233.26,250.29,235.42,233.9,225.3,226.59,211.71,202.76,199.69,193.14,201.99,200.26,170.22,185.33,194.98,211.38,240.84,287.08,299.93,305.91
Egypt,CAIT,Energy,All GHG,MtCO₂e,260.75,257.58,249.34,235.24,229.76,224.44,219.28,221.04,211.42,205.06,203.28,199.01,190.45,178.2,170.33,150.49,139.68,134.36,131.93,119.03,122.55,116.86,112.96,106.52,101.49,95.87,100.43,96.93,96.36,94.69
Malaysia,CAIT,Energy,All GHG,MtCO₂e,254.81,245.85,229.61,236.38,241.63,240.68,227.49,209.12,205.98,204.39,185.21,206.74,193.73,177.38,171.48,161.74,147.02,139.37,132.95,127.46,118.11,109.37,109.97,102.22,89.63,82.78,76.15,70.15,67.98,57.03
Spain,CAIT,Energy,All GHG,MtCO₂e,236.11,252.66,259.19,242.65,252.08,237.05,240.17,266.01,270.43,267.67,281.81,315.67,343.91,330.94,339.65,325.16,308.43,302.94,285.46,284.22,269.42,247.88,241.47,223.59,233.79,222.7,213.96,228.01,216.1,208.49
Algeria,CAIT,Energy,All GHG,MtCO₂e,235.57,232.25,223.76,221.98,221.48,213.28,201.7,197.8,179.25,174.48,172.53,172.42,167.79,166.07,160.29,153.51,152.8,141.04,135.72,139.71,132.12,127.59,127.09,128.07,125.78,119.84,117.33,108.99,108.39,103.95
Kazakhstan,CAIT,Energy,All GHG,MtCO₂e,235.3,242.06,239.49,226.04,215.4,236.09,287.82,272.52,275.61,257.95,242.41,270.27,225.17,211.87,194.91,182.12,168.55,152.42,134.48,136.98,137.94,151.06,146.65,166.33,187.69,211.12,230.94,265.21,258.66,249.07
United Arab Emirates,CAIT,Energy,All GHG,MtCO₂e,208.52,195.37,216.37,221.98,215.82,203.58,205.57,195.77,184.3,179.02,171.9,171.63,148.92,139.99,135.04,127.69,121.32,114.79,114.0,101.05,100.63,98.96,97.79,94.41,90.23,85.56,77.61,73.45,75.66,68.13
Japan,CAIT,Transportation,All GHG,MtCO₂e,206.41,210.09,212.65,214.51,217.0,217.65,223.91,226.67,229.07,234.83,233.68,239.92,249.16,256.51,260.41,263.19,263.17,265.45,270.01,267.8,268.12,265.66,266.31,263.91,257.92,249.45,236.89,231.59,226.69,216.16
Brazil,CAIT,Transportation,All GHG,MtCO₂e,201.0,199.08,207.54,206.17,207.19,222.57,216.76,209.13,191.34,173.76,153.72,156.3,150.5,144.42,141.44,140.62,131.44,133.88,131.73,129.11,127.93,130.61,124.16,116.99,107.21,96.94,92.65,89.08,88.38,84.45
Pakistan,CAIT,Energy,All GHG,MtCO₂e,200.6,196.94,208.31,191.72,176.32,166.99,158.75,156.55,154.31,152.49,156.88,152.94,159.05,146.05,136.17,133.1,119.66,115.13,112.22,110.58,110.46,101.3,100.02,96.39,92.95,86.1,83.29,76.49,69.25,67.44
Canada,CAIT,Transportation,All GHG,MtCO₂e,197.38,198.02,191.05,185.7,185.3,185.58,187.23,182.21,180.44,179.91,174.39,179.16,180.88,174.2,175.39,171.11,166.89,164.17,152.16,154.34,155.52,151.7,149.02,144.49,141.11,137.45,131.06,129.03,124.69,128.56
Venezuela,CAIT,Energy,All GHG,MtCO₂e,192.32,231.48,258.83,288.04,309.07,331.43,334.1,332.97,302.37,305.37,293.13,302.45,291.94,297.57,301.01,289.15,272.03,286.4,289.96,286.37,274.13,291.51,286.73,270.47,247.81,227.96,225.24,215.68,213.16,204.46
Argentina,CAIT,Energy,All GHG,MtCO₂e,188.24,195.36,196.89,201.15,202.96,196.84,200.17,195.39,193.04,184.18,174.12,186.16,181.35,174.25,165.82,162.52,148.59,137.78,144.97,151.2,152.29,149.63,142.4,138.9,128.06,125.01,123.58,121.46,118.96,113.78
Nigeria,CAIT,Energy,All GHG,MtCO₂e,186.31,178.53,176.41,175.64,175.9,184.13,177.03,167.85,170.14,165.64,146.14,158.53,155.72,165.3,178.37,178.34,179.0,161.97,178.31,171.53,155.04,158.72,173.02,175.6,153.99,143.11,151.16,156.88,144.25,131.47
Ukraine,CAIT,Energy,All GHG,MtCO₂e,179.55,191.04,180.04,206.89,196.46,244.35,278.09,285.23,291.31,278.87,260.24,308.02,319.47,311.76,304.81,316.79,340.28,314.95,311.8,308.77,317.26,320.15,340.57,359.74,411.58,426.91,511.12,585.07,673.26,711.48
Germany,CAIT,Transportation,All GHG,MtCO₂e,164.72,162.29,167.86,165.35,161.86,158.85,156.58,152.73,154.21,152.38,151.28,153.23,152.87,158.03,160.0,168.41,168.46,171.67,174.13,178.16,182.47,177.54,174.5,173.74,172.59,170.65,173.43,168.74,166.15,163.21
Indonesia,CAIT,Transportation,All GHG,MtCO₂e,154.71,155.45,139.0,131.98,135.56,140.35,139.75,132.99,111.36,91.53,83.89,74.03,69.65,68.03,71.65,72.61,70.97,69.63,68.35,64.2,60.2,60.62,62.07,55.87,50.41,46.41,41.43,38.81,36.7,32.98
Mexico,CAIT,Transportation,All GHG,MtCO₂e,151.78,151.88,155.99,160.63,155.09,155.79,155.2,157.11,156.25,155.15,152.19,155.74,149.57,141.58,134.18,126.49,119.91,113.12,111.14,108.79,104.11,101.32,98.68,94.55,92.17,100.44,94.61,92.47,92.16,86.12
Netherlands,CAIT,Energy,All GHG,MtCO₂e,148.14,152.94,157.25,160.08,158.95,151.33,158.74,159.1,160.38,172.77,162.01,166.78,166.04,165.15,169.33,173.51,171.71,168.71,168.38,163.32,162.62,168.02,167.65,175.07,165.35,158.43,159.33,154.4,155.6,149.5
Turkmenistan,CAIT,Energy,All GHG,MtCO₂e,143.9,142.02,139.67,140.09,142.44,138.9,138.89,132.4,125.46,105.67,94.15,120.65,116.23,106.68,105.45,102.92,96.62,85.7,82.27,81.73,68.38,55.21,54.41,63.55,67.51,66.85,74.13,68.05,97.07,104.99
Iran,CAIT,Transportation,All GHG,MtCO₂e,142.19,143.39,138.84,134.1,143.08,145.1,131.89,127.29,120.26,120.05,128.58,118.31,113.48,114.14,107.7,99.49,93.81,88.77,82.34,78.4,72.97,65.36,62.8,61.42,57.11,58.17,51.08,45.29,43.39,40.14
Philippines,CAIT,Energy,All GHG,MtCO₂e,139.95,133.04,127.87,116.66,105.9,97.71,91.67,82.76,80.26,79.52,74.23,73.42,71.41,67.74,73.66,72.75,71.4,69.09,69.61,69.82,69.1,71.67,71.52,64.91,60.26,50.44,47.49,44.26,40.75,41.53
Saudi Arabia,CAIT,Transportation,All GHG,MtCO₂e,139.92,139.64,146.64,150.21,150.72,140.24,132.25,130.07,119.54,108.14,104.19,101.06,93.6,83.97,77.72,74.04,70.45,68.12,64.34,62.52,59.64,59.41,59.2,58.32,55.52,62.75,58.86,55.86,52.71,50.59
Uzbekistan,CAIT,Energy,All GHG,MtCO₂e,138.14,133.91,127.29,122.87,116.29,122.8,132.1,134.66,151.5,149.64,139.55,154.38,146.7,152.65,143.31,149.88,146.92,155.86,149.95,147.32,139.4,139.0,122.19,120.57,118.26,129.71,133.01,129.85,138.38,136.85
France,CAIT,Transportation,All GHG,MtCO₂e,128.98,129.24,132.18,131.58,131.04,129.77,129.56,130.63,131.69,126.35,126.05,127.44,133.36,134.08,133.76,136.05,135.83,137.23,137.33,135.61,132.62,132.25,127.69,125.12,125.35,124.4,123.55,122.42,119.88,116.21
United Kingdom,CAIT,Transportation,All GHG,MtCO₂e,121.64,123.66,125.16,124.7,121.86,118.7,117.18,117.94,118.51,120.04,121.55,126.05,132.92,132.18,130.53,129.33,127.91,126.54,125.25,126.34,128.2,124.53,125.33,124.25,119.64,120.75,120.42,119.25,117.75,118.38
Libya,CAIT,Energy,All GHG,MtCO₂e,114.87,110.17,101.15,80.38,80.39,87.19,106.98,125.01,67.74,128.47,121.7,125.41,120.79,124.51,123.28,113.5,109.01,100.53,101.82,105.71,100.75,104.02,104.61,111.87,109.12,100.77,86.93,79.63,87.92,83.0
Kuwait,CAIT,Energy,All GHG,MtCO₂e,113.74,112.62,111.66,113.99,110.5,107.04,109.02,106.29,103.05,98.73,95.15,95.34,89.21,91.85,88.86,79.63,74.89,70.05,68.68,65.6,60.03,57.69,53.04,50.82,51.19,51.89,44.58,30.48,9.28,37.37
Qatar,CAIT,Energy,All GHG,MtCO₂e,109.74,104.25,105.07,104.41,102.21,99.54,94.82,93.0,84.9,75.77,66.78,65.28,61.28,54.5,48.52,47.09,43.81,40.31,36.52,36.96,36.45,33.53,32.33,25.7,23.31,22.62,20.14,17.38,17.82,14.91
South Korea,CAIT,Transportation,All GHG,MtCO₂e,108.89,104.23,106.04,103.85,100.86,94.8,93.21,89.83,87.33,88.84,87.22,86.25,90.74,87.99,88.06,90.95,90.31,88.37,82.86,79.58,73.49,66.72,79.91,78.16,74.13,66.05,62.84,55.7,50.08,44.66
Italy,CAIT,Transportation,All GHG,MtCO₂e,103.44,102.69,99.99,104.16,105.55,107.96,103.25,105.11,111.91,111.98,114.63,120.74,127.57,127.14,125.86,127.03,124.76,123.72,121.44,119.3,119.24,116.41,113.16,111.52,109.72,107.37,107.59,105.63,100.44,98.49
Bangladesh,CAIT,Energy,All GHG,MtCO₂e,102.75,95.34,91.85,86.71,83.99,75.28,71.81,68.66,64.66,60.72,54.2,50.44,46.32,43.77,39.87,37.31,34.95,33.34,31.4,27.04,25.51,24.52,24.09,21.95,21.66,18.43,17.27,16.27,15.03,15.67
Australia,CAIT,Transportation,All GHG,MtCO₂e,102.04,101.84,100.36,98.22,96.78,94.54,94.4,92.96,92.27,90.08,87.09,87.71,85.93,83.55,81.61,81.48,78.6,78.29,76.54,77.18,74.88,73.44,73.42,72.03,69.51,66.75,65.07,63.94,62.42,63.92
Czech Republic,CAIT,Energy,All GHG,MtCO₂e,100.15,104.83,105.88,105.75,103.6,102.13,106.0,111.63,114.78,118.09,116.78,123.8,129.1,126.79,126.04,129.05,128.76,124.62,129.05,129.55,118.99,126.65,133.03,135.16,133.78,133.37,140.25,143.32,149.23,163.91
Spain,CAIT,Transportation,All GHG,MtCO₂e,95.86,94.5,93.23,90.28,87.0,83.9,83.44,84.9,94.3,100.84,103.71,112.38,118.67,115.56,111.95,108.1,103.67,98.59,96.8,92.55,90.56,86.22,78.68,78.72,73.66,72.41,70.03,71.06,67.41,64.72
Chile,CAIT,Energy,All GHG,MtCO₂e,93.06,88.26,88.58,87.69,83.38,77.73,84.87,80.07,77.82,70.99,66.54,68.79,65.39,58.12,57.01,55.97,51.21,50.18,49.57,51.52,55.52,52.82,52.24,45.72,39.65,36.32,32.99,31.0,30.0,31.29
Oman,CAIT,Energy,All GHG,MtCO₂e,92.34,91.91,87.19,87.88,85.02,80.92,77.34,73.8,66.2,59.19,55.22,52.44,53.06,50.41,42.45,42.45,43.25,41.62,40.0,36.26,32.01,29.14,30.04,28.86,28.06,24.79,23.06,21.76,22.04,18.0
Colombia,CAIT,Energy,All GHG,MtCO₂e,92.07,88.74,85.18,93.16,91.32,90.78,88.84,80.21,79.28,72.65,69.84,66.15,64.79,63.46,63.1,62.23,62.23,62.96,65.57,64.88,62.79,71.03,69.96,64.09,64.29,60.43,59.83,56.71,54.65,53.15
Belgium,CAIT,Energy,All GHG,MtCO₂e,92.0,92.94,92.25,93.62,94.57,89.2,95.85,94.4,95.48,106.05,98.63,105.63,103.18,107.17,109.31,112.82,114.22,109.49,117.11,115.7,114.11,117.98,115.26,118.3,113.16,113.57,109.0,111.19,113.19,108.7
Turkey,CAIT,Transportation,All GHG,MtCO₂e,85.18,85.01,84.47,80.7,73.95,62.18,58.44,52.13,44.94,44.32,45.21,45.62,48.44,42.58,37.78,36.53,35.92,35.89,34.1,35.59,34.15,32.55,35.22,37.92,36.08,32.13,33.08,27.8,27.22,28.54
Thailand,CAIT,Transportation,All GHG,MtCO₂e,75.93,74.35,74.19,67.81,63.73,59.82,61.69,62.21,60.11,57.19,56.39,53.32,56.93,53.83,57.4,57.4,53.47,50.23,47.49,46.33,47.42,45.9,52.98,53.17,48.65,40.85,36.73,31.24,29.41,28.64
Romania,CAIT,Energy,All GHG,MtCO₂e,74.46,76.05,75.27,72.59,74.33,73.02,73.82,83.32,85.57,79.48,82.33,96.25,97.5,100.63,96.63,97.52,100.73,96.1,97.36,91.55,87.56,102.13,116.54,127.26,123.58,118.13,121.08,129.73,146.56,176.4
Morocco,CAIT,Energy,All GHG,MtCO₂e,67.05,60.48,59.03,56.18,56.18,54.57,52.55,53.27,51.76,47.38,44.13,44.2,42.41,41.62,40.34,37.73,33.8,34.07,32.91,30.24,29.76,28.2,27.51,26.33,26.68,25.59,23.42,22.7,21.15,20.19
North Korea,CAIT,Energy,All GHG,MtCO₂e,67.01,61.33,65.1,40.07,35.2,41.18,37.36,48.2,46.58,61.15,64.24,81.3,73.56,86.38,84.61,81.23,79.54,77.96,81.1,78.6,74.79,70.69,77.02,80.76,91.51,98.13,107.44,116.76,131.17,138.52
Poland,CAIT,Transportation,All GHG,MtCO₂e,65.93,64.91,63.01,54.53,47.84,44.94,44.33,47.1,49.02,48.4,45.88,45.42,43.36,39.22,35.4,32.94,29.07,26.62,27.56,27.75,31.55,29.0,27.53,26.03,23.02,22.22,21.52,22.11,21.73,20.85
Malaysia,CAIT,Transportation,All GHG,MtCO₂e,65.31,62.62,62.37,64.73,62.99,66.98,59.85,45.63,45.81,45.35,43.93,44.82,42.68,40.04,41.8,42.05,39.13,36.76,35.89,33.07,31.26,25.87,27.66,24.04,21.05,19.78,17.91,17.2,16.09,14.95
Austria,CAIT,Energy,All GHG,MtCO₂e,64.93,63.17,66.15,63.95,63.53,62.34,66.13,65.45,68.57,70.37,64.52,70.47,70.99,73.99,76.21,75.75,74.49,69.36,67.94,63.49,63.15,64.75,64.13,65.04,61.26,57.85,57.62,57.46,62.38,58.21
Israel,CAIT,Energy,All GHG,MtCO₂e,62.27,60.68,65.02,64.34,65.17,63.6,65.95,74.73,68.61,69.52,64.82,65.47,65.16,62.84,59.56,61.89,61.62,59.82,56.68,55.39,51.23,49.81,49.75,47.54,45.33,42.28,39.44,35.93,33.67,33.16
South Africa,CAIT,Transportation,All GHG,MtCO₂e,58.54,58.29,58.15,52.86,55.3,52.64,55.13,50.12,50.05,47.72,46.27,48.28,50.02,45.53,44.36,42.4,40.09,37.86,37.05,36.21,36.42,35.93,36.27,35.34,36.25,32.3,31.15,30.91,30.42,30.38
Greece,CAIT,Energy,All GHG,MtCO₂e,58.34,63.33,64.85,64.81,66.62,67.88,71.09,79.54,84.62,85.78,92.81,97.04,100.68,96.76,97.91,96.22,96.54,92.98,92.64,90.45,83.47,83.16,79.67,78.7,78.73,76.03,74.38,74.49,72.21,71.93
Nigeria,CAIT,Transportation,All GHG,MtCO₂e,57.62,53.24,52.88,52.83,46.14,50.73,46.27,36.35,32.79,30.69,24.54,26.19,21.87,24.99,29.58,30.55,29.94,28.36,27.37,22.48,20.24,18.54,22.51,17.62,15.37,13.28,16.54,19.26,15.79,12.11
Belarus,CAIT,Energy,All GHG,MtCO₂e,57.22,58.9,55.78,54.7,54.32,58.6,59.4,59.46,58.25,61.43,57.13,60.48,57.86,59.2,56.83,56.28,53.14,52.52,52.64,53.87,55.75,58.04,60.01,59.56,58.57,65.7,77.3,88.88,98.28,101.96
Peru,CAIT,Energy,All GHG,MtCO₂e,57.06,54.76,54.53,57.5,54.95,53.67,50.28,49.06,49.69,45.57,41.1,38.27,33.69,30.72,31.35,31.39,27.53,28.07,26.93,29.06,29.56,27.25,27.99,28.36,25.93,23.07,22.69,22.1,21.29,22.02
Egypt,CAIT,Transportation,All GHG,MtCO₂e,55.27,55.19,57.06,58.77,56.3,54.86,52.61,52.11,47.88,45.89,42.77,39.97,37.87,34.21,31.47,32.02,31.29,29.64,28.76,29.85,28.97,27.27,24.56,22.97,21.69,20.46,18.68,17.96,17.3,16.54
Pakistan,CAIT,Transportation,All GHG,MtCO₂e,51.31,50.81,55.41,50.57,45.35,40.19,37.68,36.83,36.02,34.36,33.64,33.07,34.09,28.32,27.89,29.97,27.78,26.48,26.12,26.19,26.48,25.13,23.89,23.32,20.72,19.93,18.86,16.51,14.67,14.15
Argentina,CAIT,Transportation,All GHG,MtCO₂e,49.09,49.41,48.05,46.8,47.82,45.52,49.23,46.22,47.04,45.46,43.09,47.0,44.97,41.56,38.66,38.11,35.43,34.67,37.51,40.78,41.94,44.65,41.96,42.01,36.06,34.62,35.14,32.81,30.71,29.05
Singapore,CAIT,Energy,All GHG,MtCO₂e,48.67,48.67,50.41,47.34,46.64,45.55,45.0,44.73,45.76,43.35,39.72,39.29,39.13,37.98,37.69,40.34,38.81,41.89,42.56,42.57,38.17,37.41,38.53,38.9,37.96,38.33,36.48,31.69,30.73,29.18
Serbia,CAIT,Energy,All GHG,MtCO₂e,48.12,48.32,49.59,48.96,47.79,41.3,48.66,47.85,53.1,48.89,48.69,51.31,53.07,54.65,52.56,59.63,55.5,52.03,48.54,46.6,43.81,60.33,60.45,55.76,48.58,43.02,46.92,52.24,56.56,66.49
Hungary,CAIT,Energy,All GHG,MtCO₂e,47.12,47.29,47.51,45.42,44.52,41.9,42.15,44.72,48.36,49.22,48.85,53.63,54.43,56.12,56.67,56.92,58.88,56.21,56.95,55.29,58.76,58.26,58.01,59.66,58.51,59.2,60.01,59.85,66.79,69.07
Algeria,CAIT,Transportation,All GHG,MtCO₂e,46.64,46.48,45.69,46.21,47.45,44.48,41.14,39.47,34.94,32.39,31.14,29.77,28.15,26.11,24.63,22.48,22.19,19.77,17.41,17.22,16.83,15.81,15.35,15.31,15.46,15.89,17.36,17.2,17.28,16.19
Ecuador,CAIT,Energy,All GHG,MtCO₂e,44.51,45.14,43.85,45.48,46.83,47.24,44.63,42.01,42.32,42.44,39.41,36.93,36.18,36.24,34.44,32.53,29.76,28.85,29.4,26.64,26.13,28.88,29.49,28.54,25.31,23.39,20.92,20.08,18.76,18.36
Portugal,CAIT,Energy,All GHG,MtCO₂e,43.41,48.26,51.82,47.46,47.94,43.81,44.72,46.66,48.08,48.61,54.28,54.02,55.83,57.64,62.59,59.32,58.1,62.89,58.92,59.02,59.51,53.14,48.42,46.38,48.26,45.05,43.64,44.67,40.5,38.88
Vietnam,CAIT,Transportation,All GHG,MtCO₂e,42.66,40.11,38.65,36.18,33.83,30.7,30.03,30.8,31.26,31.82,29.62,24.68,23.18,19.8,19.82,19.61,16.02,14.18,11.56,10.82,10.05,9.4,8.94,8.18,7.44,7.78,7.06,4.52,4.03,4.26
Finland,CAIT,Energy,All GHG,MtCO₂e,41.83,45.68,44.1,46.79,43.97,47.36,51.35,50.54,56.14,63.69,55.3,57.59,66.06,68.04,56.39,68.71,72.79,64.44,62.01,55.95,57.39,58.19,61.54,63.53,57.0,60.86,54.32,52.99,55.75,55.01
Azerbaijan,CAIT,Energy,All GHG,MtCO₂e,41.77,38.61,37.66,38.46,38.03,38.6,37.66,36.71,33.94,31.17,32.43,37.02,33.01,34.67,33.26,30.69,31.05,28.71,29.1,30.25,28.69,28.68,28.43,29.27,34.9,35.76,54.81,74.98,65.33,67.69
Bulgaria,CAIT,Energy,All GHG,MtCO₂e,39.78,41.44,44.41,42.14,45.34,42.91,40.53,46.0,50.94,45.72,43.59,49.9,52.35,48.99,48.04,47.44,48.67,44.26,46.78,44.12,45.04,51.53,53.79,55.95,55.51,54.83,57.54,57.01,60.09,74.51
Myanmar,CAIT,Energy,All GHG,MtCO₂e,39.56,35.76,34.79,25.17,22.91,20.73,17.3,15.69,12.49,11.89,11.18,11.56,14.09,13.65,14.39,13.75,13.93,11.67,11.67,12.69,11.93,11.13,10.32,10.32,9.97,8.67,7.76,7.23,6.9,7.03
Angola,CAIT,Energy,All GHG,MtCO₂e,39.25,38.76,42.68,46.81,48.13,44.64,42.7,40.51,40.92,40.85,38.51,37.6,33.54,31.48,29.98,30.34,28.85,27.84,27.69,28.42,30.29,29.16,27.81,26.71,22.54,19.28,16.38,13.27,12.7,12.38
Philippines,CAIT,Transportation,All GHG,MtCO₂e,37.82,36.54,35.24,34.16,31.58,27.3,26.2,25.09,24.1,24.32,24.15,22.77,22.52,23.88,25.71,27.25,26.33,27.4,27.19,25.12,27.72,27.81,27.6,25.63,22.6,18.86,17.27,16.2,14.23,14.04
Bahrain,CAIT,Energy,All GHG,MtCO₂e,37.58,34.94,34.68,34.46,34.65,34.38,32.85,30.61,29.57,29.48,28.29,28.42,26.51,25.88,23.98,20.95,21.08,20.32,19.39,18.83,18.32,18.28,17.14,16.72,16.06,15.86,15.53,14.62,12.53,13.0
United Arab Emirates,CAIT,Transportation,All GHG,MtCO₂e,36.82,38.78,41.91,35.62,31.76,36.57,35.63,31.58,30.87,30.84,29.55,26.8,25.18,24.51,23.31,21.59,21.39,19.24,16.69,15.21,13.89,13.5,13.51,13.58,13.41,12.76,12.88,12.07,11.88,11.54
Switzerland,CAIT,Energy,All GHG,MtCO₂e,36.78,36.87,38.08,39.04,38.49,39.03,42.89,41.89,40.44,44.5,43.04,44.31,42.83,44.82,45.21,44.73,44.4,43.08,44.62,43.22,44.16,43.89,42.39,43.5,42.7,41.73,42.79,44.77,44.57,41.83
Norway,CAIT,Energy,All GHG,MtCO₂e,36.64,38.32,38.47,39.58,40.27,39.79,40.21,39.26,40.36,42.25,38.17,37.65,38.47,38.04,37.28,38.37,38.04,35.25,35.61,35.14,40.5,38.65,37.3,35.38,35.06,35.03,32.93,30.8,27.91,29.81
Sweden,CAIT,Energy,All GHG,MtCO₂e,35.63,36.39,38.85,39.2,39.56,39.54,41.01,42.6,45.11,48.62,43.31,46.43,47.48,49.11,50.52,54.0,55.66,54.36,52.77,53.66,57.71,58.88,57.94,64.11,58.55,58.94,56.94,57.18,54.58,53.54
Iraq,CAIT,Transportation,All GHG,MtCO₂e,35.45,33.35,28.62,25.19,24.66,25.74,32.48,33.98,30.67,28.76,25.93,25.24,26.32,26.55,26.72,24.75,22.12,28.48,29.55,27.03,24.82,24.82,24.35,24.75,25.34,25.4,25.12,23.86,18.81,22.32
New Zealand,CAIT,Energy,All GHG,MtCO₂e,35.13,33.46,34.03,32.25,33.28,32.96,32.93,33.21,31.42,32.23,32.24,35.21,34.27,35.29,35.19,33.91,34.48,32.65,32.73,30.51,29.65,28.23,28.78,26.38,25.19,25.12,24.96,25.36,23.61,23.2
Ireland,CAIT,Energy,All GHG,MtCO₂e,34.42,36.34,36.52,37.62,35.99,34.65,35.19,36.54,36.3,39.72,39.91,44.39,44.71,45.63,45.0,43.08,43.31,42.76,43.68,41.53,39.49,38.09,35.53,34.57,33.3,32.71,31.72,31.57,31.57,31.01
Syria,CAIT,Energy,All GHG,MtCO₂e,32.74,33.57,36.77,32.18,31.51,33.35,38.29,60.34,79.97,86.67,84.97,88.44,87.31,85.06,83.44,74.01,79.43,80.18,79.45,79.94,79.63,80.42,77.01,76.49,74.38,71.38,68.63,65.62,62.15,53.99
Colombia,CAIT,Transportation,All GHG,MtCO₂e,32.28,30.31,29.73,29.74,28.47,26.28,25.26,26.64,25.22,20.89,20.44,22.09,21.8,21.4,20.4,20.81,18.24,17.77,20.0,19.11,19.66,22.06,22.54,21.5,20.96,17.56,18.85,18.58,17.62,16.87
Slovakia,CAIT,Energy,All GHG,MtCO₂e,31.93,33.71,34.26,32.17,31.36,30.94,33.74,33.05,35.13,36.78,34.78,37.81,37.86,38.68,39.65,38.66,39.75,39.33,39.85,39.45,41.64,42.38,43.75,43.82,43.94,43.31,46.0,47.56,50.73,57.68
Netherlands,CAIT,Transportation,All GHG,MtCO₂e,31.28,31.7,31.59,30.92,30.73,30.25,32.63,33.52,35.02,34.91,34.32,35.84,35.49,36.15,35.24,35.01,34.47,33.93,33.16,32.88,32.88,32.32,31.59,31.59,30.31,30.04,30.62,29.73,28.21,27.72
Venezuela,CAIT,Transportation,All GHG,MtCO₂e,30.9,33.93,38.46,42.03,48.06,55.18,56.15,57.21,52.42,50.11,51.83,51.07,48.92,45.17,42.86,35.94,35.49,39.72,37.37,35.03,33.95,34.27,33.47,35.92,34.54,33.42,32.92,30.71,31.19,29.44
Denmark,CAIT,Energy,All GHG,MtCO₂e,30.25,33.78,33.87,36.16,34.71,36.84,41.09,39.45,44.49,49.99,49.66,51.71,54.83,59.69,51.85,55.33,60.79,55.25,55.62,53.97,57.96,60.56,64.6,74.19,60.7,63.91,59.97,57.59,63.42,52.62
Chile,CAIT,Transportation,All GHG,MtCO₂e,29.4,28.98,28.02,27.01,25.82,24.15,25.07,22.96,22.37,21.95,21.2,21.05,20.26,18.7,18.98,17.31,16.72,16.97,16.45,17.4,17.15,16.95,16.11,15.2,13.98,12.64,11.69,10.55,9.72,9.31
Tunisia,CAIT,Energy,All GHG,MtCO₂e,28.99,29.04,29.0,28.42,29.27,29.17,27.76,27.86,26.14,26.88,24.62,24.59,24.11,23.04,22.15,21.64,20.8,21.02,20.99,20.12,19.53,18.54,17.72,17.08,16.31,16.11,16.39,16.49,15.14,14.93
Ethiopia,CAIT,Energy,All GHG,MtCO₂e,28.04,26.57,25.03,24.15,22.08,22.08,19.83,18.32,17.63,16.43,16.18,15.83,15.1,14.23,13.67,13.8,13.31,12.7,12.29,11.21,10.7,10.48,10.09,9.71,9.22,8.74,8.23,7.6,8.21,7.96
Ukraine,CAIT,Transportation,All GHG,MtCO₂e,27.21,25.65,25.92,24.84,23.59,27.52,32.06,31.99,34.43,34.68,34.19,40.8,40.83,30.99,31.34,31.9,29.85,30.42,29.15,27.55,28.75,34.38,36.78,30.85,34.11,33.01,36.29,41.97,67.9,56.46
Bolivia,CAIT,Energy,All GHG,MtCO₂e,26.8,28.29,28.3,27.76,26.73,26.54,24.56,22.64,21.19,19.44,17.77,17.53,16.39,15.22,13.89,12.82,11.75,10.69,10.15,9.96,9.96,10.55,11.63,10.37,10.68,12.7,14.06,15.84,15.49,14.76
Cuba,CAIT,Energy,All GHG,MtCO₂e,26.28,27.15,26.78,27.71,29.86,27.3,29.21,29.01,27.91,28.44,27.21,26.96,27.84,26.95,26.44,25.73,26.1,26.8,27.94,28.76,28.15,27.05,27.26,25.26,23.15,21.85,20.32,22.01,27.3,35.02
Peru,CAIT,Transportation,All GHG,MtCO₂e,26.27,24.84,24.13,23.78,21.72,19.87,20.09,18.49,18.13,17.29,15.43,14.1,11.53,11.06,10.3,10.84,9.58,9.13,9.26,9.93,10.1,9.57,9.62,9.31,8.91,8.19,7.23,7.07,6.55,7.32
Lebanon,CAIT,Energy,All GHG,MtCO₂e,25.88,25.72,27.32,25.84,24.98,22.86,21.01,21.41,18.87,18.6,19.65,16.58,12.98,14.45,14.77,15.5,15.34,15.39,15.43,14.27,15.94,15.16,15.52,13.57,13.06,11.31,10.33,7.06,7.08,5.63
Dominican Republic,CAIT,Energy,All GHG,MtCO₂e,25.76,23.82,22.05,23.13,22.1,19.99,20.13,20.59,19.85,19.55,18.59,19.36,19.44,19.27,17.97,16.59,17.92,20.02,18.22,17.99,17.2,16.18,14.03,12.32,11.51,10.87,9.24,9.29,7.95,7.66
Austria,CAIT,Transportation,All GHG,MtCO₂e,25.67,25.38,25.15,24.6,23.78,23.27,23.71,22.23,22.29,23.13,22.31,23.13,24.17,23.97,25.1,24.38,24.04,22.43,20.5,18.99,18.24,18.74,16.59,17.55,15.91,15.69,15.64,15.49,15.47,14.01
Belgium,CAIT,Transportation,All GHG,MtCO₂e,25.65,25.9,25.82,26.42,26.65,25.0,24.75,25.25,26.03,26.43,27.1,27.95,27.89,27.04,26.63,27.4,26.44,25.79,25.85,25.03,24.74,24.52,23.78,23.45,23.0,22.85,22.27,21.74,20.9,20.71
Kenya,CAIT,Energy,All GHG,MtCO₂e,24.36,19.43,20.62,20.46,18.59,16.57,15.72,13.83,14.7,14.51,13.62,11.91,11.39,11.37,10.32,9.48,8.55,9.46,9.63,10.26,9.32,8.94,8.32,8.46,7.89,7.37,7.33,7.32,7.23,7.39
Mongolia,CAIT,Energy,All GHG,MtCO₂e,24.33,22.84,20.98,19.72,18.86,19.55,19.79,18.29,16.73,15.12,14.41,13.55,13.51,12.79,11.4,9.86,9.59,9.87,9.23,9.23,8.8,8.73,8.7,8.87,10.47,10.53,12.11,13.12,15.1,13.3
Sri Lanka,CAIT,Energy,All GHG,MtCO₂e,24.16,22.03,23.74,22.37,20.98,18.4,15.23,17.87,16.22,13.97,13.06,13.57,14.39,13.23,14.83,13.71,13.33,12.33,11.79,11.91,10.47,9.62,9.33,9.34,6.76,6.71,6.16,6.28,5.15,5.0
Sudan,CAIT,Energy,All GHG,MtCO₂e,24.12,24.32,24.38,24.95,23.56,21.15,20.07,20.59,24.34,21.43,20.91,20.43,19.77,18.43,15.33,13.41,11.64,11.54,9.8,8.51,7.61,6.68,6.97,5.85,5.9,6.16,4.44,5.74,6.02,6.59
Jordan,CAIT,Energy,All GHG,MtCO₂e,23.61,23.75,25.14,23.86,24.25,24.33,22.71,23.05,20.1,19.29,19.88,18.99,20.08,19.23,18.85,17.55,16.26,15.77,15.27,15.47,13.79,13.78,13.29,12.66,12.39,11.56,10.92,10.77,9.34,9.3
Trinidad and Tobago,CAIT,Energy,All GHG,MtCO₂e,22.79,23.41,23.72,23.74,27.56,28.75,29.01,28.37,29.03,28.31,25.67,26.63,27.16,26.59,23.3,21.26,20.3,16.57,15.04,13.32,12.65,12.31,11.98,11.6,10.67,11.07,14.53,18.7,18.78,18.91
Bosnia and Herzegovina,CAIT,Energy,All GHG,MtCO₂e,21.97,23.5,23.36,23.08,20.35,20.18,22.62,22.67,24.59,21.59,21.33,21.36,19.52,18.49,16.83,16.15,15.45,15.08,14.28,14.51,11.16,11.44,9.08,4.59,3.57,3.35,13.73,16.66,23.6,26.16
Ghana,CAIT,Energy,All GHG,MtCO₂e,20.79,19.26,17.62,16.08,15.96,14.89,15.34,14.16,12.08,11.28,10.18,8.81,9.22,8.62,7.17,6.82,7.29,7.64,6.45,6.03,7.24,6.82,4.93,4.78,4.44,4.14,3.84,3.77,3.33,3.56
Guatemala,CAIT,Energy,All GHG,MtCO₂e,20.77,19.7,17.94,18.77,17.48,15.02,14.21,13.32,12.85,12.52,13.34,12.26,13.41,12.47,12.46,11.7,11.5,11.36,10.35,9.95,8.87,8.81,7.15,6.83,6.96,5.98,5.7,5.31,4.46,4.25
Ecuador,CAIT,Transportation,All GHG,MtCO₂e,19.93,19.63,18.65,17.53,17.34,16.65,15.49,14.52,14.03,12.97,10.73,10.19,10.24,10.44,10.14,9.7,9.37,9.04,8.69,8.18,9.26,10.21,10.91,10.3,8.46,8.88,8.36,8.33,8.21,8.02
Czech Republic,CAIT,Transportation,All GHG,MtCO₂e,19.4,19.17,19.04,18.49,17.79,16.98,16.45,16.6,16.94,17.06,18.11,18.74,18.88,17.89,17.58,16.27,15.53,13.66,13.11,12.22,12.11,11.0,10.71,10.39,7.47,8.77,8.17,8.13,6.34,7.13
Morocco,CAIT,Transportation,All GHG,MtCO₂e,19.37,18.51,18.02,17.41,16.69,15.7,15.5,14.91,14.69,13.88,13.19,12.47,11.38,10.71,10.39,9.98,9.55,9.17,8.75,8.33,7.92,7.41,6.97,6.53,6.11,5.76,5.33,4.9,4.42,3.98
Romania,CAIT,Transportation,All GHG,MtCO₂e,19.07,18.55,18.06,16.9,15.8,15.68,15.34,15.75,14.45,14.2,15.3,15.26,13.64,12.83,12.38,13.25,12.77,12.13,11.88,9.77,9.59,11.39,12.04,11.83,8.45,9.16,8.64,10.76,10.54,12.04
Israel,CAIT,Transportation,All GHG,MtCO₂e,18.63,18.51,18.43,17.95,17.37,16.45,16.3,17.59,16.08,16.87,16.1,16.39,14.87,14.12,13.81,14.52,14.65,14.16,13.61,13.71,12.87,12.1,12.98,12.2,11.56,10.53,9.8,9.32,8.53,8.26
Greece,CAIT,Transportation,All GHG,MtCO₂e,18.01,17.62,17.34,17.62,17.14,16.8,16.75,16.87,20.17,22.58,25.44,22.8,23.5,22.88,22.35,21.94,21.53,20.55,20.27,19.56,20.09,19.9,18.23,17.63,17.13,17.0,16.9,16.68,16.27,15.44
Laos,CAIT,Energy,All GHG,MtCO₂e,17.8,18.46,18.18,15.01,8.27,4.05,3.87,3.24,3.1,2.98,2.72,2.47,2.12,1.98,1.64,1.58,1.51,1.45,1.39,1.29,0.85,0.82,0.79,0.75,0.67,0.63,0.61,0.59,0.55,0.51
Portugal,CAIT,Transportation,All GHG,MtCO₂e,17.61,17.22,17.1,16.74,16.17,16.08,15.99,16.23,17.63,18.99,19.41,19.68,19.62,19.45,19.5,20.34,19.88,18.92,18.27,18.04,16.65,15.9,14.61,14.04,13.25,12.75,12.13,11.56,10.62,9.94
Libya,CAIT,Transportation,All GHG,MtCO₂e,17.48,17.3,17.75,18.8,15.61,20.1,18.19,17.36,13.99,18.73,16.03,13.84,12.12,13.31,13.2,12.72,12.2,12.02,11.79,11.42,11.23,10.2,10.35,10.79,9.76,9.07,7.63,6.49,6.4,6.35
Sweden,CAIT,Transportation,All GHG,MtCO₂e,17.06,17.16,18.05,18.26,19.05,18.98,19.43,19.93,20.97,21.26,20.89,21.42,21.86,21.71,21.58,22.65,22.24,21.94,21.71,21.79,21.64,21.19,20.9,20.67,20.92,20.72,19.99,20.92,20.12,20.42
Kazakhstan,CAIT,Transportation,All GHG,MtCO₂e,16.83,18.0,15.88,16.52,15.86,14.91,14.22,15.1,13.94,13.62,12.89,14.27,12.58,10.95,9.94,9.6,9.01,9.49,8.53,9.75,6.05,8.25,7.31,8.52,9.52,9.39,13.72,16.46,18.82,14.99
New Zealand,CAIT,Transportation,All GHG,MtCO₂e,16.59,16.42,16.06,15.08,14.77,14.18,14.05,13.9,14.0,13.97,13.98,14.26,14.18,14.04,13.89,13.83,13.51,12.97,12.48,12.42,11.91,11.62,11.44,11.21,11.08,10.39,9.71,9.31,8.91,8.91
Kuwait,CAIT,Transportation,All GHG,MtCO₂e,16.5,16.32,15.45,14.61,14.43,13.72,13.52,12.84,12.5,13.03,12.06,10.85,9.86,9.54,8.41,7.77,7.3,6.72,6.33,6.22,6.2,6.03,5.88,5.62,5.51,5.2,4.93,4.68,1.96,2.93
Tanzania,CAIT,Energy,All GHG,MtCO₂e,16.32,15.84,15.73,15.11,15.85,14.91,15.31,14.08,12.55,11.1,10.11,10.15,9.93,10.15,9.58,8.73,7.38,7.07,6.5,6.23,5.59,5.61,5.69,5.78,5.44,4.66,3.94,3.72,3.64,3.6
Switzerland,CAIT,Transportation,All GHG,MtCO₂e,16.2,16.25,16.17,16.46,16.62,17.36,17.53,17.58,17.43,17.64,17.71,17.93,17.51,17.17,17.05,16.97,16.87,16.75,16.73,17.04,15.43,15.45,15.31,14.82,14.81,15.06,14.71,15.76,15.41,14.95
Croatia,CAIT,Energy,All GHG,MtCO₂e,16.11,15.99,16.91,16.6,16.24,15.75,16.68,17.19,18.8,19.14,19.93,21.03,22.09,20.84,20.79,20.44,21.05,19.66,18.56,17.53,18.19,18.5,17.1,15.43,15.65,14.82,15.72,15.03,15.68,21.28
Uzbekistan,CAIT,Transportation,All GHG,MtCO₂e,15.55,14.99,8.94,8.27,8.2,8.7,9.09,10.29,12.6,13.03,12.25,13.06,13.2,13.22,12.47,12.44,12.43,13.69,14.19,13.78,13.78,13.21,9.71,9.57,7.0,4.41,4.93,5.61,7.17,7.95
Hungary,CAIT,Transportation,All GHG,MtCO₂e,14.71,13.88,13.06,12.28,12.25,11.24,10.07,10.79,11.13,11.97,13.16,13.24,13.3,12.92,12.09,11.17,10.68,10.22,9.6,9.12,9.19,8.65,7.77,7.34,7.34,7.14,7.33,7.35,7.6,8.69
Zimbabwe,CAIT,Energy,All GHG,MtCO₂e,14.61,15.19,13.08,13.75,15.17,14.8,14.94,14.47,13.95,12.14,10.38,10.31,12.5,12.44,13.11,12.38,12.87,15.1,16.45,16.2,18.26,16.33,15.98,16.99,17.52,17.87,19.01,20.44,20.24,18.54
Republic of Congo,CAIT,Energy,All GHG,MtCO₂e,14.0,12.84,10.45,10.06,10.56,10.4,10.71,11.26,11.83,12.13,10.86,9.76,9.37,11.23,9.92,8.34,7.77,7.25,9.97,10.37,9.83,9.43,8.03,7.48,6.25,5.33,6.4,6.96,6.8,6.83
Cambodia,CAIT,Energy,All GHG,MtCO₂e,13.88,12.26,11.36,10.61,8.72,7.35,6.12,6.07,5.8,5.63,5.25,4.51,4.43,3.76,3.45,3.15,3.14,2.97,2.9,2.7,2.63,2.59,2.32,2.19,2.11,1.48,1.38,1.35,1.3,1.26
Yemen,CAIT,Energy,All GHG,MtCO₂e,13.82,12.42,12.08,12.05,17.58,40.07,42.01,32.93,37.53,41.28,38.88,35.96,36.58,36.47,35.48,33.21,32.99,30.05,30.08,29.17,26.44,23.99,23.05,21.73,21.3,20.37,15.51,14.28,13.85,11.88
Cameroon,CAIT,Energy,All GHG,MtCO₂e,13.7,13.68,13.19,13.44,13.12,12.36,11.28,10.41,10.43,10.86,11.21,10.7,10.13,9.38,9.61,9.8,10.09,10.01,10.12,10.32,9.83,10.17,9.88,9.86,9.37,9.38,11.82,14.16,14.47,6.25
Nepal,CAIT,Energy,All GHG,MtCO₂e,13.7,15.39,13.77,12.0,9.12,9.33,8.27,7.95,7.62,7.26,6.53,5.94,5.57,5.43,5.96,5.52,5.67,5.37,5.97,5.65,5.42,4.56,4.4,4.09,3.97,3.77,3.41,3.2,3.15,2.87
Slovenia,CAIT,Energy,All GHG,MtCO₂e,13.5,14.01,14.11,13.96,13.17,13.07,14.58,15.23,15.83,15.86,15.51,17.23,16.18,16.19,15.86,15.61,15.36,15.46,15.29,14.43,14.73,15.33,15.59,15.15,14.36,13.5,13.54,12.71,13.02,13.81
Côte d'Ivoire,CAIT,Energy,All GHG,MtCO₂e,13.19,12.47,12.91,11.83,11.97,11.7,11.27,10.54,8.53,8.56,8.1,8.64,7.79,7.87,7.87,7.28,6.83,8.56,7.97,7.9,8.24,6.24,6.21,5.2,4.3,3.95,3.79,3.58,3.53,3.43
Panama,CAIT,Energy,All GHG,MtCO₂e,12.8,9.5,9.61,10.13,10.06,10.11,9.53,9.76,9.49,8.79,8.21,6.73,7.22,7.23,6.84,5.33,5.3,5.24,6.02,5.02,4.9,5.61,4.53,4.32,4.27,3.95,3.73,3.7,3.16,2.72
Papua New Guinea,CAIT,Energy,All GHG,MtCO₂e,12.8,12.84,12.96,13.08,11.98,10.56,9.11,7.95,7.42,6.48,6.57,6.39,6.76,6.58,6.82,7.11,6.52,6.33,6.38,6.09,6.14,6.46,6.49,6.59,6.77,5.76,4.99,4.03,3.1,2.17
Denmark,CAIT,Transportation,All GHG,MtCO₂e,12.53,12.78,12.58,12.55,12.4,11.87,11.78,11.97,13.1,13.38,13.55,14.28,14.5,13.89,13.68,13.42,13.04,12.56,12.38,12.34,12.39,12.35,12.3,12.17,12.04,11.9,11.45,11.18,11.21,10.57
Qatar,CAIT,Transportation,All GHG,MtCO₂e,12.49,12.05,13.78,13.5,13.09,12.57,10.43,9.53,10.08,9.08,8.67,8.61,6.7,5.79,4.85,3.85,3.45,2.98,2.69,2.48,2.36,2.53,2.41,2.15,2.02,1.83,1.72,1.63,1.53,1.51
Oman,CAIT,Transportation,All GHG,MtCO₂e,12.45,12.5,12.67,12.78,13.6,12.9,12.29,11.16,9.84,8.49,7.66,7.54,6.35,4.23,3.79,3.31,3.14,2.9,2.97,2.71,2.63,2.57,2.49,2.35,2.26,2.18,2.15,2.01,1.86,1.74
Belarus,CAIT,Transportation,All GHG,MtCO₂e,12.11,12.15,11.55,11.08,10.66,11.9,12.5,11.99,11.18,10.53,9.93,10.89,9.58,9.42,8.03,7.22,7.05,6.83,6.34,6.68,7.38,8.35,7.92,7.54,6.96,7.02,9.93,11.77,12.74,11.95
Ireland,CAIT,Transportation,All GHG,MtCO₂e,12.1,12.16,11.97,12.23,11.55,11.42,10.98,10.82,11.03,11.64,12.46,13.73,14.57,14.22,12.99,12.29,11.57,11.36,11.16,10.66,9.58,8.67,7.35,6.99,6.02,5.86,5.64,5.6,5.22,5.03
Bangladesh,CAIT,Transportation,All GHG,MtCO₂e,12.09,12.46,11.35,10.18,9.61,9.18,8.49,8.99,8.89,7.63,6.58,6.23,5.56,5.44,5.21,4.69,4.06,3.98,3.91,3.13,3.2,3.51,3.43,3.03,2.75,2.28,2.24,2.18,1.89,1.72
Turkmenistan,CAIT,Transportation,All GHG,MtCO₂e,11.98,11.98,11.98,11.98,11.98,11.98,11.31,10.57,10.15,8.44,7.38,9.69,9.73,8.85,8.9,8.41,8.32,7.68,6.72,6.6,4.24,3.34,2.75,4.57,4.06,4.32,7.17,6.97,8.89,9.94
Norway,CAIT,Transportation,All GHG,MtCO₂e,11.9,12.75,12.53,14.08,14.55,14.33,14.23,13.69,13.99,14.51,13.93,14.23,14.58,13.98,13.35,13.3,12.92,12.54,12.54,12.33,13.17,12.97,12.53,12.33,11.8,11.11,11.28,10.67,10.41,10.29
Lithuania,CAIT,Energy,All GHG,MtCO₂e,11.89,11.89,11.5,11.47,11.26,11.15,11.52,12.18,12.11,12.96,12.03,13.27,13.33,13.15,13.09,12.16,11.51,11.49,11.41,10.75,12.43,14.84,14.11,14.46,13.97,14.98,15.94,19.79,35.06,32.96
Finland,CAIT,Transportation,All GHG,MtCO₂e,11.47,11.86,11.66,12.22,11.07,11.08,12.16,12.31,12.62,12.79,12.28,12.84,13.47,13.13,12.94,12.92,12.58,12.37,12.19,12.04,12.48,12.16,12.0,11.38,11.66,11.88,11.42,11.66,11.71,12.03
Bolivia,CAIT,Transportation,All GHG,MtCO₂e,11.34,11.34,10.85,10.2,9.78,9.54,8.92,8.08,7.54,6.84,6.31,5.88,5.32,4.77,3.53,3.47,3.19,2.99,2.94,3.01,3.26,3.26,3.16,3.33,3.21,2.88,2.77,2.4,2.44,2.32
Uganda,CAIT,Energy,All GHG,MtCO₂e,11.16,10.91,9.77,9.53,9.94,8.94,8.46,8.4,8.35,8.17,8.07,7.18,6.74,6.3,5.8,5.39,5.13,4.76,4.29,4.21,4.14,4.21,4.09,3.88,3.55,3.15,3.2,3.18,3.02,2.77
Mozambique,CAIT,Energy,All GHG,MtCO₂e,10.81,10.79,10.58,10.03,8.58,7.83,7.22,6.4,5.66,4.42,4.31,4.13,3.95,4.58,4.43,4.32,3.9,3.39,3.14,3.47,3.1,3.07,2.76,2.61,2.64,2.54,2.72,2.5,2.31,2.5
Equatorial Guinea,CAIT,Energy,All GHG,MtCO₂e,10.8,12.39,11.88,13.35,13.8,15.85,14.31,15.26,15.56,16.23,15.86,16.83,15.91,16.84,15.87,13.43,11.2,9.94,9.16,6.67,7.12,5.48,4.31,2.79,2.46,2.28,2.12,1.96,0.2,0.07
Sudan,CAIT,Transportation,All GHG,MtCO₂e,10.8,11.13,11.4,11.5,10.1,9.53,9.18,8.71,8.97,8.87,7.86,7.84,6.55,6.01,5.0,4.21,3.85,4.0,3.5,2.71,2.49,3.05,3.2,2.7,2.85,3.04,2.09,3.19,3.19,4.04
Sri Lanka,CAIT,Transportation,All GHG,MtCO₂e,10.46,10.2,10.71,9.6,8.89,8.33,7.91,7.54,7.55,7.08,5.63,6.15,6.71,6.12,6.45,5.97,5.78,5.43,5.32,5.26,5.51,4.97,4.76,5.17,3.77,3.56,3.06,2.86,2.57,2.55
Georgia,CAIT,Energy,All GHG,MtCO₂e,10.4,9.9,10.14,10.21,9.8,9.18,8.59,7.94,7.32,6.42,6.78,6.2,7.04,6.14,5.67,5.32,5.4,4.89,5.5,7.74,7.5,8.04,8.66,9.59,11.27,14.28,21.0,25.66,32.11,40.99
Estonia,CAIT,Energy,All GHG,MtCO₂e,10.27,15.44,16.8,16.18,15.69,17.89,19.3,16.85,18.12,19.08,15.14,18.16,19.76,15.9,17.19,17.0,16.94,14.91,15.32,14.85,15.24,16.15,16.74,17.2,16.23,17.76,18.34,23.79,31.92,35.69
Gabon,CAIT,Energy,All GHG,MtCO₂e,10.2,9.66,10.22,11.83,11.64,11.35,11.02,10.92,11.38,11.58,10.78,11.03,10.47,11.18,12.52,12.74,13.27,12.15,12.84,12.76,13.29,14.4,13.4,13.71,12.77,11.66,10.91,10.6,10.65,9.66
Honduras,CAIT,Energy,All GHG,MtCO₂e,10.18,10.07,9.21,9.64,10.12,9.68,9.49,9.28,8.93,8.32,8.16,8.64,8.57,7.98,7.05,7.61,6.79,6.14,5.8,5.0,4.81,4.92,4.21,4.03,4.09,3.51,3.1,2.96,2.66,2.67
Kenya,CAIT,Transportation,All GHG,MtCO₂e,9.79,9.52,8.91,9.14,8.37,6.74,6.03,5.07,4.77,5.16,4.31,3.46,3.35,3.32,2.96,2.83,2.57,2.87,2.75,2.8,2.77,2.82,2.75,2.78,2.65,2.34,2.45,2.63,2.83,2.77
Bulgaria,CAIT,Transportation,All GHG,MtCO₂e,9.77,9.64,9.43,9.28,9.16,8.34,7.45,8.41,8.11,7.94,8.16,8.49,8.1,8.37,7.94,7.11,6.57,5.97,5.74,5.57,5.8,5.57,4.4,4.28,4.34,4.08,4.47,3.95,3.59,6.66
Kyrgyzstan,CAIT,Energy,All GHG,MtCO₂e,9.71,10.95,9.27,9.64,10.1,9.5,9.12,9.97,7.58,6.39,6.91,7.43,6.41,5.34,5.4,5.74,5.76,5.33,4.24,4.91,5.04,6.4,6.09,6.24,5.07,7.03,10.92,14.73,22.32,24.7
Democratic Republic of the Congo,CAIT,Energy,All GHG,MtCO₂e,9.67,9.56,10.64,9.67,10.27,12.06,9.97,8.39,10.09,9.59,9.42,9.53,9.32,8.7,8.52,8.27,8.52,7.69,7.54,7.35,7.87,8.24,8.38,8.18,7.62,7.66,6.38,5.0,5.19,6.53
Guatemala,CAIT,Transportation,All GHG,MtCO₂e,9.56,8.73,8.36,8.09,7.45,6.51,6.09,5.8,5.77,5.9,5.98,5.25,5.75,5.43,5.25,4.87,5.01,5.02,4.62,3.94,3.68,3.51,2.94,2.78,2.79,2.23,2.1,1.92,1.83,1.75
Jordan,CAIT,Transportation,All GHG,MtCO₂e,9.43,9.24,9.36,8.51,8.03,7.23,7.3,7.05,5.48,5.36,5.3,4.76,5.23,4.89,4.97,4.51,3.93,3.87,3.8,3.69,3.41,3.33,3.29,3.14,3.08,2.82,2.82,2.74,2.59,2.8
Moldova,CAIT,Energy,All GHG,MtCO₂e,9.32,9.04,8.61,8.76,8.61,8.24,7.66,8.62,8.79,8.78,7.98,8.17,8.25,8.3,8.68,8.3,8.27,7.67,7.49,7.18,7.75,9.06,9.99,11.03,12.67,14.54,17.79,20.78,25.57,31.61
Luxembourg,CAIT,Energy,All GHG,MtCO₂e,9.31,9.16,8.83,8.69,9.0,9.49,9.99,10.53,10.73,10.88,10.29,10.86,10.93,11.52,11.72,11.46,10.05,9.57,8.87,8.23,7.61,7.27,7.94,8.45,8.36,10.46,11.35,11.05,11.37,10.86
Senegal,CAIT,Energy,All GHG,MtCO₂e,8.94,8.47,8.17,8.6,7.95,7.14,6.4,6.15,6.26,5.92,5.85,5.57,5.29,4.72,4.89,4.71,4.07,4.18,4.09,3.77,3.81,3.44,3.11,2.84,2.72,2.55,2.48,2.54,2.34,2.34
Ghana,CAIT,Transportation,All GHG,MtCO₂e,8.75,8.28,7.28,7.51,8.12,7.49,7.44,7.03,5.89,5.29,5.19,4.27,3.95,3.75,3.7,3.75,3.24,3.49,3.01,3.02,3.18,2.86,2.4,2.3,2.1,1.93,1.86,1.84,1.54,1.66
Lebanon,CAIT,Transportation,All GHG,MtCO₂e,8.68,8.36,9.6,9.12,8.59,7.34,6.92,8.35,5.24,5.23,5.3,4.6,3.17,4.03,4.19,4.16,4.14,3.88,3.87,4.14,4.39,4.61,4.31,4.48,4.32,3.66,3.9,3.34,2.41,1.93
Paraguay,CAIT,Energy,All GHG,MtCO₂e,8.53,8.8,8.4,7.52,6.55,5.89,5.58,5.42,5.56,5.35,4.83,4.61,4.0,4.21,4.0,4.3,4.26,4.12,3.97,3.81,4.58,4.59,4.45,4.04,4.06,3.61,3.15,2.78,2.46,2.49
Azerbaijan,CAIT,Transportation,All GHG,MtCO₂e,8.51,8.61,7.8,6.51,6.98,7.75,7.48,6.57,5.95,5.09,4.37,4.9,3.89,4.97,4.32,3.87,3.23,3.0,2.67,2.42,1.62,3.08,3.31,2.79,3.44,3.34,3.81,4.13,4.92,6.4
Brunei,CAIT,Energy,All GHG,MtCO₂e,8.43,9.01,8.79,8.39,7.82,8.6,8.73,8.98,9.06,8.83,9.53,9.77,8.92,9.42,6.68,6.86,7.28,6.29,6.29,6.37,5.99,5.92,6.71,6.3,6.11,5.74,5.44,5.02,4.73,4.53
Macedonia,CAIT,Energy,All GHG,MtCO₂e,8.34,7.34,7.84,7.36,7.55,7.86,8.28,9.23,9.6,8.77,8.96,9.59,9.77,9.29,9.32,8.96,9.24,8.46,9.02,8.87,9.21,9.99,9.12,10.19,8.62,8.66,8.96,8.62,8.61,8.83
Afghanistan,CAIT,Energy,All GHG,MtCO₂e,8.27,8.23,6.94,7.42,8.09,6.83,7.73,9.63,10.29,8.27,5.82,4.28,2.26,2.03,1.6,1.09,1.28,1.1,0.81,0.84,0.85,1.08,1.14,1.21,1.28,1.37,1.46,1.54,2.43,2.61
Jamaica,CAIT,Energy,All GHG,MtCO₂e,8.19,8.42,6.98,7.3,6.78,6.89,7.16,6.73,7.32,7.26,7.6,9.43,11.88,11.87,10.4,10.38,10.4,10.09,9.93,9.91,9.86,9.58,9.07,8.88,8.52,8.25,8.19,8.0,7.3,7.34
Angola,CAIT,Transportation,All GHG,MtCO₂e,8.1,7.1,6.87,8.09,8.17,8.13,7.88,6.9,6.41,5.8,5.89,5.31,3.98,3.36,2.53,3.52,2.8,1.52,1.23,1.1,1.18,0.85,1.08,1.01,1.1,1.58,1.24,1.21,1.29,1.04
Slovakia,CAIT,Transportation,All GHG,MtCO₂e,8.02,7.92,7.99,6.91,6.13,6.22,6.63,6.62,7.28,7.32,6.47,7.49,6.84,6.24,6.64,6.04,5.75,6.27,5.46,4.16,4.35,4.28,4.21,3.6,3.89,3.44,3.01,3.63,3.47,4.18
Benin,CAIT,Energy,All GHG,MtCO₂e,7.95,8.05,7.46,7.31,6.01,5.66,5.13,4.81,5.0,5.15,4.84,4.46,4.4,3.83,3.2,2.94,2.77,2.49,2.19,1.86,1.82,1.65,1.59,1.32,0.59,0.58,0.57,0.57,0.55,0.6
Dominican Republic,CAIT,Transportation,All GHG,MtCO₂e,7.89,7.36,6.69,6.81,6.3,5.19,5.95,6.74,6.22,5.9,5.79,5.58,6.11,6.02,5.92,5.59,5.41,5.89,5.49,5.48,5.34,5.02,4.58,3.99,3.61,3.24,2.73,2.52,2.34,2.37
Ethiopia,CAIT,Transportation,All GHG,MtCO₂e,7.89,7.29,6.57,5.85,4.81,4.32,3.88,3.32,2.92,2.76,2.7,2.59,2.5,2.3,2.16,2.39,2.21,2.12,2.03,1.63,1.48,1.44,1.31,1.24,1.12,1.0,0.9,0.74,0.95,0.95
Tajikistan,CAIT,Energy,All GHG,MtCO₂e,7.82,7.08,6.12,5.72,4.43,4.22,3.16,3.02,2.51,2.37,2.39,3.06,3.22,2.67,2.47,2.62,2.29,2.25,2.33,2.37,2.7,2.88,2.72,2.43,2.86,3.49,6.02,8.55,11.31,12.2
Costa Rica,CAIT,Energy,All GHG,MtCO₂e,7.73,7.86,7.8,7.7,7.15,7.48,7.45,7.14,7.12,6.85,6.61,6.94,6.94,6.26,5.69,5.54,5.48,5.17,5.05,4.62,4.68,4.66,4.21,4.33,4.59,4.6,3.96,3.99,2.89,2.73
El Salvador,CAIT,Energy,All GHG,MtCO₂e,7.61,6.62,6.2,6.98,6.8,6.39,6.2,6.46,6.49,6.28,6.44,6.62,7.33,6.97,6.63,6.39,6.15,5.58,5.57,5.37,5.64,5.68,5.34,4.43,5.02,4.53,3.98,3.6,3.16,2.49
Paraguay,CAIT,Transportation,All GHG,MtCO₂e,7.58,7.82,7.45,6.57,5.62,5.11,4.87,4.53,4.79,4.56,4.05,3.88,3.28,3.43,3.12,3.43,3.44,3.23,3.05,2.86,3.56,3.56,3.4,3.02,3.0,2.63,2.33,1.87,1.56,1.66
Zambia,CAIT,Energy,All GHG,MtCO₂e,7.57,8.47,7.72,6.27,5.96,5.6,5.15,4.99,4.12,3.71,3.6,3.4,3.17,3.35,3.48,3.28,3.25,3.11,3.01,2.88,2.83,3.18,3.25,2.72,3.09,3.08,3.4,3.72,3.72,3.53
Latvia,CAIT,Energy,All GHG,MtCO₂e,7.51,7.75,7.18,7.27,7.31,7.26,7.41,7.5,7.81,8.58,7.74,8.48,8.93,8.58,8.17,8.05,8.02,7.81,7.82,7.38,7.98,8.61,9.03,9.54,9.54,10.79,12.4,14.5,17.94,19.49
Botswana,CAIT,Energy,All GHG,MtCO₂e,7.5,7.56,7.58,6.87,7.19,7.23,5.65,3.64,4.11,3.5,4.33,4.64,4.56,4.33,4.52,4.2,4.17,4.28,4.13,4.28,4.12,3.92,3.3,3.15,3.42,3.31,3.48,3.52,2.94,3.0
Tunisia,CAIT,Transportation,All GHG,MtCO₂e,7.48,7.79,7.77,7.23,6.87,6.47,6.18,6.49,6.53,7.0,5.84,4.75,4.91,4.66,4.69,4.51,4.47,4.33,4.22,4.12,3.93,3.69,3.59,3.39,3.27,3.16,3.03,2.7,2.62,2.55
Serbia,CAIT,Transportation,All GHG,MtCO₂e,7.03,6.51,6.41,6.14,6.0,6.15,5.89,5.35,6.07,6.72,6.67,7.08,5.67,7.27,6.73,6.44,5.03,4.59,3.78,2.39,2.65,5.02,6.48,4.7,2.8,2.69,2.76,2.32,3.27,4.58
Singapore,CAIT,Transportation,All GHG,MtCO₂e,6.96,7.08,7.24,7.34,7.38,6.89,6.66,7.17,7.41,6.94,6.86,6.27,6.15,5.95,5.73,5.54,5.43,5.42,5.44,5.34,5.26,5.2,5.19,5.23,5.78,5.25,4.83,4.87,5.04,4.16
Armenia,CAIT,Energy,All GHG,MtCO₂e,6.88,6.42,6.2,5.94,6.13,6.22,6.19,6.36,5.57,4.92,5.11,6.1,5.58,4.89,4.84,4.15,3.94,3.54,4.07,4.01,3.65,4.14,4.16,3.55,4.66,4.11,6.53,12.47,22.73,22.06
Croatia,CAIT,Transportation,All GHG,MtCO₂e,6.67,6.48,6.72,6.24,6.03,5.71,5.77,5.69,5.9,6.02,6.26,6.3,6.37,5.93,5.57,5.38,5.22,4.81,4.5,4.44,4.42,4.14,3.93,3.33,3.37,3.17,2.99,2.85,3.02,3.67
Myanmar,CAIT,Transportation,All GHG,MtCO₂e,6.61,6.39,6.21,4.64,4.54,4.15,3.68,3.16,2.45,2.4,2.38,2.16,4.56,4.08,4.8,4.36,3.97,3.55,2.89,3.59,3.07,3.02,2.45,2.98,2.78,1.87,1.62,1.06,1.28,1.37
Mali,CAIT,Energy,All GHG,MtCO₂e,6.58,6.19,5.88,5.33,4.23,3.91,3.83,3.85,3.84,3.51,3.18,2.62,2.6,2.41,2.15,1.97,1.88,1.87,2.08,1.86,0.0,0.0,0.0,0.0,0.0,0.0,0.0,0.0,0.0,0.0
Uruguay,CAIT,Energy,All GHG,MtCO₂e,6.56,6.62,6.17,6.62,6.68,6.52,7.35,8.5,7.54,6.25,7.52,7.77,5.82,6.29,5.35,5.39,4.21,4.27,4.68,5.34,6.64,5.59,5.41,5.34,4.61,4.14,4.46,4.73,4.33,3.8
Cyprus,CAIT,Energy,All GHG,MtCO₂e,6.49,6.43,6.52,6.41,6.05,5.91,5.75,6.67,7.17,7.43,7.69,7.76,7.57,7.25,7.18,7.04,7.15,6.46,6.31,6.42,6.19,5.92,5.58,5.45,5.14,5.24,5.03,4.84,4.52,3.96
Lithuania,CAIT,Transportation,All GHG,MtCO₂e,6.43,6.2,5.83,5.57,5.18,4.89,4.4,4.4,4.37,4.4,4.26,5.16,5.18,4.46,4.18,3.94,3.59,3.54,3.42,3.14,3.52,3.94,3.75,3.35,3.05,2.5,3.18,4.15,6.28,5.69
Luxembourg,CAIT,Transportation,All GHG,MtCO₂e,6.36,6.22,5.83,5.71,5.89,6.33,6.62,6.77,7.09,6.69,6.33,6.87,6.77,7.04,7.36,6.98,5.99,5.43,5.22,4.97,4.35,3.92,3.75,3.53,3.44,3.61,3.56,3.53,3.23,2.69
Costa Rica,CAIT,Transportation,All GHG,MtCO₂e,6.13,6.03,5.94,5.82,5.45,5.1,5.0,4.92,4.79,4.68,4.55,4.49,4.38,4.07,3.87,3.95,3.68,3.6,3.25,3.05,3.15,3.04,2.74,2.68,2.65,2.66,2.53,2.45,1.69,1.63
Benin,CAIT,Transportation,All GHG,MtCO₂e,6.07,6.93,6.16,5.96,4.7,4.18,3.95,3.51,3.37,3.26,2.89,2.52,2.5,2.02,1.59,1.44,1.41,1.21,1.02,0.95,0.87,0.77,0.7,0.51,0.12,0.12,0.12,0.12,0.13,0.17
Burkina Faso,CAIT,Energy,All GHG,MtCO₂e,5.89,5.52,5.08,4.46,4.37,3.77,3.63,3.4,2.9,2.7,2.1,2.08,1.92,1.72,1.51,1.47,1.43,1.32,1.28,1.15,1.06,1.15,1.08,1.02,0.99,0.97,0.96,0.93,0.91,0.89
Cambodia,CAIT,Transportation,All GHG,MtCO₂e,5.88,5.42,4.96,4.66,4.21,3.82,3.49,3.41,3.23,3.05,2.78,2.14,2.07,1.66,1.55,1.42,1.39,1.37,1.56,1.36,1.4,1.44,1.24,1.19,1.19,N/A,N/A,N/A,N/A,N/A
South Sudan,CAIT,Energy,All GHG,MtCO₂e,5.83,4.94,5.01,5.06,5.54,5.25,3.87,2.22,20.15,23.66,22.38,21.08,19.76,18.34,17.0,15.53,13.83,12.24,10.59,9.01,7.26,5.52,3.88,2.09,0.37,0.35,0.26,0.37,0.41,0.44
Madagascar,CAIT,Energy,All GHG,MtCO₂e,5.78,4.98,5.09,4.75,4.48,4.18,4.04,3.83,3.27,2.94,2.75,2.84,2.71,2.63,2.68,2.58,2.45,2.05,2.61,2.57,2.57,2.5,2.27,2.13,2.18,1.87,1.75,1.7,1.67,1.59
Slovenia,CAIT,Transportation,All GHG,MtCO₂e,5.67,5.88,5.9,5.77,5.4,5.43,5.42,5.72,5.7,5.35,5.21,6.2,5.28,4.67,4.42,4.15,3.97,3.91,3.8,3.63,3.69,3.9,4.69,4.48,3.96,3.55,3.18,2.63,2.55,2.7
Syria,CAIT,Transportation,All GHG,MtCO₂e,5.67,6.57,7.02,6.28,5.86,6.19,6.67,10.83,13.24,13.27,13.44,16.03,15.82,14.79,13.92,10.57,8.04,8.92,8.22,8.64,8.18,9.52,9.21,9.01,7.69,7.71,7.69,7.33,7.8,7.43
Nicaragua,CAIT,Energy,All GHG,MtCO₂e,5.36,5.24,5.6,5.58,5.46,4.94,4.67,4.89,4.93,4.71,4.61,4.72,4.91,4.75,4.51,4.71,4.57,4.23,4.1,3.94,3.78,3.75,3.24,3.04,2.88,2.75,2.45,2.47,2.17,2.18
Panama,CAIT,Transportation,All GHG,MtCO₂e,5.24,4.94,4.99,4.83,4.47,4.05,3.8,3.81,3.77,3.65,3.51,3.22,2.9,3.11,2.96,2.62,2.55,2.42,2.29,2.39,2.37,2.22,1.99,1.87,1.78,1.69,1.58,1.47,1.37,1.31
North Korea,CAIT,Transportation,All GHG,MtCO₂e,5.09,4.67,4.92,1.48,1.44,1.37,1.48,1.35,1.37,1.36,1.35,1.25,1.22,1.02,1.34,1.58,1.57,1.61,1.61,1.75,0.91,2.17,1.16,2.09,2.59,2.17,3.21,3.58,4.39,5.74
Tanzania,CAIT,Transportation,All GHG,MtCO₂e,5.05,5.25,5.51,5.39,5.85,5.58,5.78,5.29,4.15,3.61,3.08,3.16,2.91,2.97,2.82,2.45,2.36,2.24,1.79,1.49,1.18,1.42,1.2,1.23,0.92,0.73,0.73,0.7,0.67,0.72
Afghanistan,CAIT,Transportation,All GHG,MtCO₂e,4.94,4.93,3.6,4.18,4.94,3.85,4.86,6.97,7.8,5.97,3.91,2.87,1.29,1.2,0.95,0.58,0.57,0.36,0.38,0.36,0.35,0.55,0.59,0.64,0.68,0.71,0.74,0.77,1.55,1.67
Timor-Leste,CAIT,Energy,All GHG,MtCO₂e,4.91,5.14,5.38,5.61,5.77,5.91,5.97,5.94,6.03,6.15,5.83,5.49,5.17,4.86,4.55,3.67,2.77,1.9,0.87,0.0,0.0,0.0,0.0,0.0,0.0,0.0,0.0,0.0,0.0,0.0
Nepal,CAIT,Transportation,All GHG,MtCO₂e,4.78,5.47,4.95,3.98,2.39,2.78,2.49,2.21,2.0,1.98,1.79,1.37,0.93,0.9,0.85,0.85,0.8,0.81,0.77,0.84,0.79,0.79,0.75,0.66,0.64,0.57,0.49,0.45,0.41,0.35
Chad,CAIT,Energy,All GHG,MtCO₂e,4.66,4.7,4.5,4.88,5.31,4.55,4.46,4.12,3.46,3.63,3.16,3.06,3.15,3.34,3.46,3.47,1.44,4.14,2.45,0.76,0.93,0.92,0.9,0.91,0.88,0.86,0.85,0.81,0.79,0.79
Honduras,CAIT,Transportation,All GHG,MtCO₂e,4.35,4.21,4.02,4.12,4.07,3.37,3.24,3.25,3.13,3.05,3.04,3.11,3.23,2.04,2.18,2.39,2.35,2.31,2.31,2.17,2.17,1.87,1.69,1.54,1.59,1.57,1.35,1.19,1.06,1.07
Côte d'Ivoire,CAIT,Transportation,All GHG,MtCO₂e,4.34,4.07,3.66,3.94,3.24,2.77,2.62,2.41,1.62,1.52,1.58,1.6,1.32,1.31,1.25,1.17,1.06,1.45,1.29,1.32,1.46,1.25,1.42,1.29,1.26,1.13,1.13,1.17,1.21,1.23
Mauritania,CAIT,Energy,All GHG,MtCO₂e,4.29,4.03,3.64,3.42,3.72,3.06,2.75,2.89,2.62,2.57,2.54,2.08,2.18,2.01,1.61,1.74,1.58,1.64,1.5,1.36,1.39,1.33,1.31,1.31,1.26,1.15,1.13,1.09,1.06,1.02
Mauritius,CAIT,Energy,All GHG,MtCO₂e,4.23,4.19,4.23,4.09,4.02,4.0,3.87,3.78,3.69,3.72,3.47,3.52,3.45,3.36,3.01,2.82,2.8,2.66,2.61,2.48,2.24,1.83,1.66,1.65,1.59,1.55,1.51,1.36,1.29,1.21
Albania,CAIT,Energy,All GHG,MtCO₂e,4.18,4.46,4.49,3.83,3.98,4.27,3.79,3.62,4.29,4.08,3.91,3.86,3.93,3.95,3.99,4.17,3.96,3.91,3.36,3.22,3.06,1.89,1.56,2.01,2.0,2.25,2.26,2.49,4.25,6.2
Bosnia and Herzegovina,CAIT,Transportation,All GHG,MtCO₂e,4.08,3.82,3.84,3.68,3.16,3.03,2.88,3.25,3.48,3.48,3.57,3.45,3.12,2.95,2.36,2.45,2.1,2.09,2.18,2.14,1.38,1.43,1.08,1.05,1.02,0.99,0.87,1.09,1.91,2.25
Haiti,CAIT,Energy,All GHG,MtCO₂e,4.07,4.04,4.06,4.09,3.99,3.71,3.38,3.15,3.42,3.06,2.57,2.59,2.6,2.25,2.21,2.15,2.29,2.29,2.09,2.04,1.94,1.86,1.81,1.58,1.42,0.68,1.14,1.3,1.37,1.4
Georgia,CAIT,Transportation,All GHG,MtCO₂e,4.01,3.87,3.98,4.42,3.89,3.54,3.17,2.52,2.37,2.32,2.23,1.79,2.12,1.62,1.56,1.24,1.28,1.25,1.19,0.98,1.16,1.29,1.95,2.61,1.07,1.52,2.05,2.39,2.89,3.82
Guinea,CAIT,Energy,All GHG,MtCO₂e,3.95,3.75,3.34,2.82,2.54,2.24,2.18,2.48,2.62,2.5,2.12,2.01,1.98,1.9,1.83,1.77,1.7,1.63,1.57,1.49,1.43,1.36,1.29,1.23,1.16,1.12,1.08,1.05,1.02,1.0
Namibia,CAIT,Energy,All GHG,MtCO₂e,3.94,3.94,3.98,3.98,3.99,3.76,3.63,3.41,3.29,3.25,3.14,3.06,2.73,2.64,2.64,2.48,2.37,2.23,2.56,2.04,2.07,2.11,2.06,2.01,1.85,1.71,1.49,1.29,1.19,N/A
Bahrain,CAIT,Transportation,All GHG,MtCO₂e,3.85,3.93,3.82,3.7,3.62,3.47,3.37,3.25,3.03,3.21,3.13,3.17,2.9,2.67,2.55,2.18,1.99,1.83,1.64,1.57,1.48,1.43,1.36,1.29,1.26,1.21,1.19,1.15,1.04,1.02
El Salvador,CAIT,Transportation,All GHG,MtCO₂e,3.84,3.57,3.46,3.53,3.38,2.87,2.85,2.81,3.19,3.09,3.13,3.03,3.23,3.01,3.13,2.91,2.75,2.53,2.6,2.59,2.67,2.35,2.19,2.15,2.17,1.91,1.79,1.64,1.41,1.3
Uruguay,CAIT,Transportation,All GHG,MtCO₂e,3.78,3.73,3.78,3.62,3.55,3.51,3.53,3.35,3.31,3.17,3.01,2.79,2.74,2.56,2.32,2.26,2.14,2.23,2.47,2.58,2.85,2.75,2.58,2.37,2.23,2.25,2.0,1.78,1.65,1.55
Mozambique,CAIT,Transportation,All GHG,MtCO₂e,3.75,3.4,3.39,3.58,3.24,3.12,2.69,2.47,2.17,1.74,1.57,1.4,1.43,1.15,1.07,1.16,1.15,0.93,0.86,0.86,0.86,0.86,0.84,0.83,0.74,0.71,0.87,0.7,0.51,0.62
Uganda,CAIT,Transportation,All GHG,MtCO₂e,3.62,3.49,3.2,3.03,2.82,2.5,2.26,2.1,1.69,1.32,1.56,1.41,1.22,1.16,1.05,1.01,0.98,0.95,0.94,0.93,0.91,0.91,0.79,0.76,0.74,0.57,0.62,0.63,0.63,0.61
Suriname,CAIT,Energy,All GHG,MtCO₂e,3.48,3.03,3.32,3.78,3.52,3.4,3.04,3.19,2.7,2.5,2.14,2.08,1.98,2.04,2.15,1.85,1.69,1.57,1.98,1.94,2.55,2.51,2.48,2.43,2.38,2.34,2.3,2.27,2.23,1.92
Yemen,CAIT,Transportation,All GHG,MtCO₂e,3.45,2.83,2.72,2.79,3.23,8.61,8.53,5.64,6.85,7.35,8.37,5.2,4.88,5.33,5.74,5.38,5.18,4.38,4.99,4.53,4.65,4.2,3.9,3.89,4.09,4.57,4.53,5.55,5.27,4.13
Burkina Faso,CAIT,Transportation,All GHG,MtCO₂e,3.42,3.18,2.8,2.21,1.88,1.86,1.79,1.65,1.3,1.24,0.98,1.04,0.93,0.79,0.67,0.6,0.59,0.57,0.56,0.53,0.51,0.42,0.36,0.36,0.35,0.28,0.29,0.28,0.28,0.27
Cameroon,CAIT,Transportation,All GHG,MtCO₂e,3.32,3.2,3.27,3.35,3.25,3.52,3.3,3.1,2.92,2.74,2.58,2.24,2.19,1.92,2.16,2.22,2.15,2.11,1.91,1.9,1.68,1.92,1.87,1.77,1.75,1.8,1.73,1.61,1.61,1.8
Latvia,CAIT,Transportation,All GHG,MtCO₂e,3.31,3.33,3.32,3.17,3.15,2.97,2.85,2.82,2.91,3.28,3.2,3.65,3.86,3.42,3.1,2.97,2.83,2.68,2.6,2.2,1.98,2.02,2.04,2.01,2.09,2.19,2.37,2.56,2.92,3.19
Niger,CAIT,Energy,All GHG,MtCO₂e,3.25,3.02,2.93,3.09,3.09,3.15,2.95,2.56,1.95,1.98,1.67,1.42,1.36,1.27,1.26,1.28,1.23,1.15,1.11,1.1,1.38,1.38,1.31,1.16,1.06,1.06,1.07,0.98,1.0,1.02
Senegal,CAIT,Transportation,All GHG,MtCO₂e,3.05,2.54,2.45,3.02,2.77,2.5,2.38,2.14,2.24,2.1,1.99,2.23,2.06,1.58,1.49,1.55,1.43,1.3,1.19,1.2,1.13,1.04,0.94,0.87,0.8,0.76,0.77,0.8,0.76,0.75
Mali,CAIT,Transportation,All GHG,MtCO₂e,2.93,2.77,2.76,2.64,1.24,1.11,1.47,1.96,1.92,1.62,1.43,1.18,1.15,1.23,1.02,0.92,1.03,0.91,0.92,0.78,0.0,0.0,0.0,0.0,0.0,0.0,0.0,0.0,0.0,0.0
Mongolia,CAIT,Transportation,All GHG,MtCO₂e,2.88,2.29,2.22,1.85,2.11,2.09,2.02,2.07,1.81,1.52,1.55,1.7,1.61,1.33,1.08,1.21,1.04,1.08,0.97,1.01,0.86,0.82,0.84,0.91,0.86,0.7,1.03,0.93,1.04,1.61
Montenegro,CAIT,Energy,All GHG,MtCO₂e,2.86,2.76,2.53,2.42,2.63,2.49,2.54,2.62,2.82,2.88,1.99,2.89,2.26,2.29,2.12,2.08,1.93,1.81,1.71,1.56,1.25,1.8,1.71,1.59,1.37,1.3,1.34,1.52,1.4,1.96
Bahamas,CAIT,Energy,All GHG,MtCO₂e,2.84,2.8,2.18,2.04,2.21,2.52,2.81,3.55,2.57,2.08,6.17,2.2,2.12,2.1,2.11,2.25,2.38,2.4,2.22,2.23,2.32,2.36,1.87,2.07,2.2,2.07,2.09,2.57,2.04,1.96
Trinidad and Tobago,CAIT,Transportation,All GHG,MtCO₂e,2.82,2.57,3.12,3.11,3.46,3.44,3.05,3.19,3.27,3.28,3.12,3.08,2.84,2.7,2.21,2.11,1.73,1.74,1.68,1.68,1.61,1.6,1.55,1.42,1.38,1.32,1.26,1.4,1.46,1.39
Guyana,CAIT,Energy,All GHG,MtCO₂e,2.77,2.51,2.4,2.4,2.13,2.15,2.06,2.08,1.91,1.83,1.7,1.68,1.67,1.41,1.56,1.76,1.7,1.71,1.74,1.76,1.82,1.83,1.81,1.66,1.6,1.49,1.16,1.14,1.21,1.28
Zimbabwe,CAIT,Transportation,All GHG,MtCO₂e,2.64,2.97,2.31,2.25,2.65,2.72,3.02,2.71,2.39,1.4,1.17,1.05,1.27,1.32,1.36,1.25,1.44,1.73,1.88,1.98,3.22,2.18,2.19,2.19,2.23,1.8,2.03,2.28,1.63,2.16
Jamaica,CAIT,Transportation,All GHG,MtCO₂e,2.54,2.32,2.01,1.86,1.7,1.74,1.66,1.56,1.9,1.91,2.05,2.1,2.13,2.21,2.27,2.18,2.12,2.13,1.94,1.99,1.98,1.89,1.74,1.65,1.44,1.2,1.19,1.1,1.06,1.12
Laos,CAIT,Transportation,All GHG,MtCO₂e,2.52,3.18,3.1,3.05,2.4,2.28,1.96,1.72,1.54,1.55,1.54,1.38,1.2,1.09,1.03,0.98,0.95,0.91,0.89,0.79,N/A,N/A,N/A,N/A,N/A,N/A,N/A,N/A,N/A,N/A
Estonia,CAIT,Transportation,All GHG,MtCO₂e,2.48,2.53,2.49,2.4,2.35,2.29,2.29,2.34,2.31,2.31,2.19,2.43,2.51,2.38,2.21,2.11,2.07,2.15,2.03,1.7,1.71,1.71,1.62,1.57,1.43,1.43,1.2,1.11,2.22,2.44
Botswana,CAIT,Transportation,All GHG,MtCO₂e,2.47,2.43,2.36,2.32,2.37,2.28,2.2,2.11,2.08,1.99,1.89,2.04,1.77,1.67,1.54,1.51,1.38,1.28,1.35,1.26,1.16,1.07,1.0,0.93,0.92,0.79,0.82,0.84,0.73,0.67
Macedonia,CAIT,Transportation,All GHG,MtCO₂e,2.35,2.18,2.18,2.1,1.83,1.65,1.58,1.39,1.45,1.39,1.32,1.23,1.2,1.05,1.05,1.03,1.01,1.01,0.97,1.0,1.11,1.04,1.52,1.71,0.9,0.96,1.5,0.8,0.8,0.79
Albania,CAIT,Transportation,All GHG,MtCO₂e,2.26,2.28,2.38,2.37,2.5,2.53,2.51,2.31,2.4,2.29,2.36,2.34,2.15,1.97,2.44,2.36,1.97,1.82,1.59,1.51,1.44,0.76,0.51,0.64,0.65,0.65,0.52,0.42,0.55,0.72
Democratic Republic of the Congo,CAIT,Transportation,All GHG,MtCO₂e,2.24,2.12,2.19,1.94,2.73,4.61,3.39,2.16,2.18,1.7,1.55,1.55,1.37,1.23,1.14,0.92,0.84,0.71,0.66,0.81,0.45,0.47,0.46,0.47,0.47,0.47,0.46,0.45,0.5,0.59
Moldova,CAIT,Transportation,All GHG,MtCO₂e,2.21,2.15,2.11,2.09,1.99,1.83,1.76,1.68,1.91,1.78,1.55,1.64,1.35,1.24,1.23,1.3,1.16,1.0,0.73,0.73,0.74,1.11,1.41,1.43,1.34,1.35,1.49,2.3,2.35,2.5
Nicaragua,CAIT,Transportation,All GHG,MtCO₂e,2.21,2.13,2.39,2.25,2.18,1.93,1.75,1.74,1.65,1.58,1.52,1.55,1.59,1.53,1.48,1.49,1.55,1.56,1.5,1.48,1.44,1.37,1.26,1.19,1.14,1.03,0.97,0.95,0.83,0.76
Armenia,CAIT,Transportation,All GHG,MtCO₂e,2.15,1.88,1.75,1.65,1.73,1.78,1.34,1.37,1.36,1.32,1.2,1.32,1.11,0.69,0.7,0.63,0.61,0.56,0.59,0.59,0.07,0.07,0.07,0.06,0.12,0.16,1.23,1.89,3.0,3.06
Zambia,CAIT,Transportation,All GHG,MtCO₂e,2.12,2.08,2.11,2.13,2.16,1.93,1.71,1.66,1.38,1.27,1.18,1.01,0.93,1.05,1.02,0.95,0.89,0.83,0.8,0.76,0.7,0.72,0.75,0.65,0.83,0.84,0.68,0.96,1.0,0.8
Maldives,CAIT,Energy,All GHG,MtCO₂e,2.11,2.1,1.86,1.76,1.37,1.37,1.13,1.14,1.01,0.96,0.91,0.87,0.87,0.87,0.72,0.75,0.53,0.62,0.48,0.46,0.43,0.31,0.34,0.28,0.26,0.2,0.2,0.23,0.16,0.16
Cyprus,CAIT,Transportation,All GHG,MtCO₂e,2.09,2.07,2.06,1.99,1.87,1.8,1.85,2.06,2.23,2.3,2.25,2.25,2.2,2.07,2.08,2.04,1.93,1.82,1.84,1.78,1.74,1.7,1.62,1.55,1.5,1.41,1.36,1.34,1.19,1.19
Namibia,CAIT,Transportation,All GHG,MtCO₂e,2.09,2.12,2.1,2.11,2.12,2.03,1.92,1.81,1.85,1.82,1.74,1.57,1.46,1.45,1.6,1.37,1.3,1.24,1.41,1.17,1.17,1.14,1.1,1.07,0.64,0.59,0.55,0.53,0.49,N/A
Papua New Guinea,CAIT,Transportation,All GHG,MtCO₂e,2.09,2.09,2.11,2.06,1.75,1.6,1.45,1.35,1.16,1.12,1.08,1.06,1.07,1.25,1.34,1.24,1.02,0.94,0.89,0.83,0.71,0.75,0.74,0.74,0.71,0.71,0.7,0.65,0.65,0.65
Togo,CAIT,Energy,All GHG,MtCO₂e,2.03,1.96,1.74,1.98,1.5,1.62,1.74,2.09,2.35,2.53,2.73,1.49,1.28,1.26,1.33,1.38,1.44,1.19,1.1,1.27,1.41,1.1,0.93,1.21,0.84,0.84,0.49,0.61,0.75,0.8
Cuba,CAIT,Transportation,All GHG,MtCO₂e,1.8,1.7,1.68,1.53,1.53,1.43,1.27,1.09,1.25,1.28,1.45,1.87,1.9,1.88,1.97,2.02,1.94,2.12,2.27,2.22,2.41,2.55,2.82,2.26,2.02,1.94,2.0,2.66,3.82,5.21
Malta,CAIT,Energy,All GHG,MtCO₂e,1.68,1.57,1.54,1.37,1.68,2.38,2.39,2.74,2.59,2.61,2.53,2.75,2.74,2.67,2.65,2.62,2.63,2.33,2.51,2.15,2.43,2.4,2.49,2.34,2.4,2.53,2.83,2.19,2.23,2.33
Iceland,CAIT,Energy,All GHG,MtCO₂e,1.67,1.73,1.71,1.66,2.1,2.08,2.07,1.89,1.9,1.98,2.11,2.16,2.36,2.31,2.27,2.3,2.23,2.24,2.14,2.19,2.09,2.13,2.14,2.26,1.99,2.09,1.98,1.93,1.9,1.93
Mauritania,CAIT,Transportation,All GHG,MtCO₂e,1.66,1.56,1.37,1.49,1.39,1.28,1.18,1.24,1.08,1.1,1.11,0.86,1.0,0.79,0.81,0.8,0.74,0.69,0.6,0.54,0.52,0.45,0.4,0.38,0.32,0.3,0.28,0.28,0.26,0.25
Malawi,CAIT,Energy,All GHG,MtCO₂e,1.61,1.54,1.34,1.19,1.04,0.96,1.1,1.06,1.03,1.01,1.08,1.05,0.93,0.87,0.85,0.87,0.82,0.76,0.72,0.75,0.8,0.75,0.74,0.72,0.71,0.71,0.69,0.61,0.61,0.53
Fiji,CAIT,Energy,All GHG,MtCO₂e,1.58,1.57,1.6,1.44,1.31,1.22,1.06,0.97,1.05,1.1,0.93,0.91,1.21,1.33,1.23,1.42,1.0,0.84,1.0,0.77,0.72,0.69,0.71,0.73,0.68,0.67,0.67,0.68,0.65,0.66
Guinea,CAIT,Transportation,All GHG,MtCO₂e,1.53,1.46,1.72,1.43,1.37,1.2,1.08,1.07,1.0,0.94,0.77,0.71,0.7,0.67,0.64,0.61,0.57,0.53,0.5,0.46,0.43,0.4,0.35,0.32,0.3,0.29,0.29,0.28,0.28,0.27
Haiti,CAIT,Transportation,All GHG,MtCO₂e,1.51,1.5,1.48,1.46,1.44,1.2,0.92,0.99,1.13,1.1,0.96,0.94,0.97,0.8,0.8,0.79,0.81,0.84,0.8,0.73,0.68,0.65,0.59,0.58,0.52,0.12,0.39,0.42,0.41,0.44
Madagascar,CAIT,Transportation,All GHG,MtCO₂e,1.44,1.33,1.26,1.24,1.2,1.16,1.09,1.04,1.01,0.91,0.86,0.91,0.89,0.83,0.86,0.9,0.85,0.61,0.89,0.93,0.93,0.85,0.75,0.71,0.69,0.71,0.63,0.61,0.6,0.54
Tajikistan,CAIT,Transportation,All GHG,MtCO₂e,1.39,1.26,1.21,1.32,1.37,1.58,0.93,0.9,0.3,0.28,0.25,0.26,0.26,0.17,0.13,0.14,0.1,0.13,0.09,0.04,0.06,0.12,0.14,0.14,0.19,0.2,0.3,0.38,0.76,0.76
Brunei,CAIT,Transportation,All GHG,MtCO₂e,1.36,1.39,1.37,1.38,1.4,1.39,1.36,1.38,1.32,1.21,1.15,1.16,1.16,1.06,0.98,1.0,0.95,0.91,0.87,0.83,0.84,0.85,0.9,0.86,0.8,0.74,0.7,0.67,0.62,0.57
Republic of Congo,CAIT,Transportation,All GHG,MtCO₂e,1.36,1.37,1.35,1.51,1.77,2.09,1.98,1.67,1.68,1.51,1.31,1.2,0.98,0.9,0.74,0.72,0.61,0.43,0.56,0.43,0.31,0.32,0.25,0.32,0.43,0.3,0.48,0.48,0.55,0.53
Barbados,CAIT,Energy,All GHG,MtCO₂e,1.23,1.21,1.15,1.26,1.24,1.25,1.42,2.09,1.71,1.5,4.55,1.69,1.38,1.37,1.32,1.27,1.3,1.3,1.27,1.19,1.26,1.21,1.15,1.08,1.1,1.06,1.03,1.16,0.95,0.95
Mauritius,CAIT,Transportation,All GHG,MtCO₂e,1.23,1.17,1.15,1.12,1.06,1.02,1.0,0.98,0.95,0.94,0.89,0.86,0.85,0.89,0.88,0.85,0.83,0.8,0.77,0.77,0.72,0.54,0.54,0.55,0.55,0.56,0.55,0.51,0.46,0.45
Maldives,CAIT,Transportation,All GHG,MtCO₂e,1.22,1.21,1.05,1.01,0.76,0.77,0.69,0.72,0.61,0.58,0.5,0.48,0.52,0.52,0.42,0.43,0.3,0.4,0.31,0.28,0.31,0.22,0.25,0.21,0.19,0.15,0.16,0.19,0.13,0.12
Kyrgyzstan,CAIT,Transportation,All GHG,MtCO₂e,1.2,1.55,1.91,3.42,2.76,3.25,4.05,4.05,2.85,2.04,2.34,2.02,1.8,1.2,1.12,1.22,0.96,0.8,0.91,0.87,1.17,1.26,1.29,1.21,1.15,0.51,1.62,2.78,4.77,6.18
Niger,CAIT,Transportation,All GHG,MtCO₂e,1.2,1.06,0.98,1.11,1.24,1.2,1.13,1.07,0.79,0.82,0.67,0.51,0.5,0.43,0.41,0.41,0.4,0.37,0.37,0.36,0.23,0.24,0.2,0.2,0.19,0.21,0.21,0.2,0.2,0.22
Rwanda,CAIT,Energy,All GHG,MtCO₂e,1.19,1.14,1.05,1.04,0.92,0.83,0.78,0.72,0.65,0.57,0.56,0.53,0.54,0.51,0.51,0.52,0.51,0.52,0.52,0.52,0.5,0.48,0.48,0.46,0.45,0.46,0.48,0.48,0.47,0.52
Malawi,CAIT,Transportation,All GHG,MtCO₂e,1.18,1.12,0.93,0.79,0.65,0.57,0.7,0.67,0.63,0.61,0.68,0.65,0.51,0.46,0.45,0.47,0.46,0.41,0.4,0.39,0.41,0.43,0.47,0.47,0.47,0.47,0.46,0.45,0.44,0.42
Togo,CAIT,Transportation,All GHG,MtCO₂e,1.09,1.03,0.91,0.63,0.73,0.41,0.76,1.29,1.52,1.64,1.98,0.89,0.66,0.59,0.63,0.66,0.72,0.49,0.3,0.44,0.59,0.5,0.44,0.67,0.4,0.33,0.17,0.28,0.33,0.44
Liberia,CAIT,Energy,All GHG,MtCO₂e,1.06,1.01,1.17,1.32,1.14,1.1,0.84,0.91,0.82,0.71,0.51,0.51,0.58,0.63,0.62,0.51,0.47,0.43,0.43,0.4,0.39,0.49,0.45,0.43,0.42,0.42,0.42,0.4,0.37,0.43
Eswatini,CAIT,Energy,All GHG,MtCO₂e,1.05,1.0,0.97,0.93,0.85,0.83,0.83,0.77,0.74,0.74,0.82,0.78,0.85,0.87,0.91,0.88,0.87,0.85,0.84,0.91,0.88,0.78,0.74,0.58,0.72,0.71,0.69,0.68,0.66,0.65
Iceland,CAIT,Transportation,All GHG,MtCO₂e,1.04,1.05,1.01,0.95,0.87,0.84,0.84,0.82,0.84,0.87,0.91,0.94,0.99,0.92,0.69,0.69,0.66,0.66,0.66,0.65,0.64,0.63,0.6,0.7,0.63,0.68,0.65,0.65,0.65,0.65
Eritrea,CAIT,Energy,All GHG,MtCO₂e,0.91,0.88,0.78,0.72,0.7,0.69,0.68,0.66,0.64,0.62,0.58,0.56,0.62,0.63,0.7,0.78,0.83,0.82,0.83,0.77,0.77,0.74,1.02,1.07,0.99,0.92,0.83,0.63,0.0,0.0
Guyana,CAIT,Transportation,All GHG,MtCO₂e,0.91,0.81,0.79,0.78,0.7,0.71,0.65,0.68,0.66,0.62,0.61,0.57,0.57,0.51,0.55,0.58,0.56,0.56,0.58,0.56,0.6,0.53,0.53,0.49,0.44,0.42,0.24,0.24,0.24,0.27
Suriname,CAIT,Transportation,All GHG,MtCO₂e,0.91,0.7,0.85,1.03,0.7,0.69,0.64,0.71,0.59,0.69,0.6,0.59,0.55,0.55,0.52,0.49,0.47,0.44,0.3,0.3,N/A,N/A,N/A,N/A,N/A,N/A,N/A,N/A,N/A,N/A
Sierra Leone,CAIT,Energy,All GHG,MtCO₂e,0.9,0.86,0.94,0.93,0.91,1.15,1.04,0.86,0.74,0.56,0.52,0.52,0.5,0.59,0.45,0.53,0.55,0.5,0.44,0.33,0.2,0.25,0.23,0.31,0.24,0.35,0.33,0.32,0.34,0.32
South Sudan,CAIT,Transportation,All GHG,MtCO₂e,0.85,0.75,0.75,0.96,1.04,0.99,0.95,0.97,N/A,N/A,N/A,N/A,N/A,N/A,N/A,N/A,N/A,N/A,N/A,N/A,N/A,N/A,N/A,N/A,N/A,N/A,N/A,N/A,N/A,N/A
Montenegro,CAIT,Transportation,All GHG,MtCO₂e,0.82,0.78,0.72,0.67,0.57,0.5,0.51,0.63,0.66,0.71,0.64,0.62,0.62,0.48,0.48,N/A,N/A,N/A,N/A,N/A,N/A,N/A,N/A,N/A,N/A,N/A,N/A,N/A,N/A,N/A
Fiji,CAIT,Transportation,All GHG,MtCO₂e,0.81,0.8,0.81,0.76,0.64,0.64,0.58,0.51,0.54,0.53,0.42,0.43,0.58,0.59,0.55,0.55,0.47,0.44,0.55,0.45,0.41,0.41,0.42,0.43,0.43,0.41,0.43,0.44,0.42,0.41
Chad,CAIT,Transportation,All GHG,MtCO₂e,0.81,0.78,0.81,0.93,1.02,1.05,1.02,0.99,0.75,0.85,0.42,0.32,0.27,0.28,0.21,0.2,0.2,0.18,0.15,0.13,0.35,0.34,0.34,0.32,0.31,0.3,0.29,0.29,0.27,0.26
Lesotho,CAIT,Energy,All GHG,MtCO₂e,0.77,0.73,0.7,0.69,0.65,0.61,0.61,0.62,0.57,0.55,0.53,0.46,0.44,0.43,0.43,0.43,0.41,0.41,0.4,0.39,0.39,0.39,0.38,0.37,0.37,0.36,0.36,0.35,0.35,0.34
Malta,CAIT,Transportation,All GHG,MtCO₂e,0.76,0.69,0.63,0.6,0.6,0.57,0.56,0.56,0.57,0.58,0.53,0.6,0.55,0.53,0.52,0.46,0.37,0.29,0.44,0.47,0.61,0.67,0.76,0.56,0.71,0.61,0.61,0.54,0.52,0.46
Belize,CAIT,Energy,All GHG,MtCO₂e,0.73,0.73,0.74,0.74,0.77,0.6,0.59,0.82,0.84,0.75,1.62,0.61,0.61,0.55,0.47,0.44,0.51,0.52,0.53,0.45,0.41,0.45,0.46,0.36,0.46,0.45,0.47,0.5,0.43,0.33
Bahamas,CAIT,Transportation,All GHG,MtCO₂e,0.72,0.71,0.41,0.32,0.36,0.59,0.67,0.76,0.59,0.46,0.99,0.25,0.24,0.24,0.21,0.2,0.21,0.21,0.2,0.19,0.2,0.2,0.19,0.19,0.21,0.17,0.18,0.22,0.22,0.24
Bhutan,CAIT,Energy,All GHG,MtCO₂e,0.7,0.69,0.63,0.57,0.47,0.44,0.45,0.45,0.39,0.32,0.25,0.23,0.25,0.25,0.25,0.22,0.2,0.18,0.17,0.15,0.14,0.14,0.13,0.13,0.11,0.09,0.08,0.07,0.08,0.08
Burundi,CAIT,Energy,All GHG,MtCO₂e,0.69,0.66,0.51,0.4,0.36,0.35,0.35,0.34,0.35,0.3,0.18,0.19,0.18,0.18,0.15,0.15,0.16,0.21,0.2,0.26,0.23,0.22,0.21,0.21,0.2,0.19,0.19,0.18,0.22,0.17
Liberia,CAIT,Transportation,All GHG,MtCO₂e,0.69,0.66,0.76,0.87,0.8,0.75,0.54,0.55,0.5,0.43,0.29,0.27,0.33,0.37,0.34,0.31,0.25,0.23,0.19,0.13,0.12,0.12,0.11,0.11,0.1,0.1,0.1,0.09,0.08,0.11
Somalia,CAIT,Energy,All GHG,MtCO₂e,0.69,0.66,0.66,0.66,0.65,0.65,0.65,0.63,0.63,0.63,0.61,0.62,0.62,0.58,0.58,0.58,0.58,0.57,0.51,0.49,0.5,0.52,0.55,0.57,0.59,0.62,0.63,0.67,0.7,0.72
Cape Verde,CAIT,Energy,All GHG,MtCO₂e,0.65,0.61,0.59,0.55,0.5,0.5,0.51,0.53,0.57,0.54,0.51,0.48,0.46,0.5,0.44,0.33,0.31,0.28,0.25,0.22,0.19,0.16,0.15,0.14,0.12,0.11,0.11,0.11,0.1,0.1
Bhutan,CAIT,Transportation,All GHG,MtCO₂e,0.64,0.64,0.57,0.52,0.42,0.4,0.41,0.4,0.35,0.28,0.22,0.2,0.2,0.19,0.2,0.18,0.16,0.14,0.12,0.11,0.1,0.09,0.08,0.08,0.07,0.05,0.05,0.05,0.04,0.04
Eswatini,CAIT,Transportation,All GHG,MtCO₂e,0.62,0.59,0.68,0.47,0.63,0.61,0.62,0.55,0.53,0.54,0.57,0.49,0.52,0.51,0.5,0.48,0.47,0.45,0.44,0.51,0.49,0.43,0.41,0.3,0.45,0.44,0.43,0.43,0.42,0.41
Seychelles,CAIT,Energy,All GHG,MtCO₂e,0.61,0.58,0.58,0.58,0.51,0.47,0.42,0.43,0.41,0.44,0.45,0.42,0.4,0.39,0.38,0.38,0.34,0.35,0.32,0.29,0.31,0.29,0.28,0.24,0.2,0.21,0.19,0.18,0.17,0.15
Burundi,CAIT,Transportation,All GHG,MtCO₂e,0.6,0.56,0.44,0.38,0.33,0.31,0.31,0.31,0.31,0.26,0.16,0.16,0.16,0.16,0.14,0.12,0.13,0.17,0.14,0.19,0.17,0.16,0.16,0.16,0.15,0.14,0.14,0.13,0.16,0.13
Gambia,CAIT,Energy,All GHG,MtCO₂e,0.58,0.55,0.54,0.53,0.53,0.52,0.44,0.46,0.45,0.44,0.49,0.43,0.41,0.36,0.33,0.32,0.3,0.3,0.31,0.24,0.26,0.24,0.23,0.22,0.22,0.21,0.21,0.2,0.2,0.19
Equatorial Guinea,CAIT,Transportation,All GHG,MtCO₂e,0.57,0.52,0.55,0.61,0.73,0.85,1.01,0.94,0.92,0.92,0.91,0.9,0.89,0.85,0.78,0.71,0.69,0.6,0.22,0.37,0.12,0.08,0.09,0.04,0.02,0.02,0.02,0.02,0.02,0.02
Lesotho,CAIT,Transportation,All GHG,MtCO₂e,0.56,0.53,0.5,0.5,0.47,0.43,0.42,0.44,0.41,0.4,0.38,0.35,0.32,0.31,0.31,0.28,0.28,0.28,0.27,0.27,0.27,0.26,0.26,0.26,0.26,0.25,0.25,0.25,0.25,0.25
Saint Lucia,CAIT,Energy,All GHG,MtCO₂e,0.54,0.53,0.53,0.51,0.5,0.51,0.51,0.75,0.59,0.53,1.37,0.49,0.48,0.48,0.44,0.45,0.45,0.43,0.42,0.39,0.39,0.39,0.35,0.34,0.34,0.31,0.29,0.3,0.2,0.19
Antigua and Barbuda,CAIT,Energy,All GHG,MtCO₂e,0.52,0.51,0.5,0.5,0.49,0.48,0.47,0.7,0.54,0.49,1.39,0.48,0.46,0.44,0.41,0.4,0.41,0.39,0.35,0.33,0.33,0.32,0.29,0.28,0.27,0.25,0.25,0.29,0.22,0.21
Andorra,CAIT,Energy,All GHG,MtCO₂e,0.5,0.49,0.47,0.47,0.47,0.46,0.48,0.49,0.49,0.52,0.52,0.54,0.54,0.55,0.58,0.56,0.53,0.53,0.52,0.52,0.51,0.49,0.47,0.45,0.43,0.41,0.41,0.41,0.41,0.41
Belize,CAIT,Transportation,All GHG,MtCO₂e,0.46,0.46,0.48,0.5,0.53,0.4,0.37,0.5,0.54,0.35,0.96,0.34,0.31,0.28,0.27,0.26,0.26,0.26,0.28,0.28,0.26,0.29,0.29,0.2,0.28,0.25,0.26,0.28,0.14,0.11
Sierra Leone,CAIT,Transportation,All GHG,MtCO₂e,0.45,0.43,0.47,0.46,0.46,0.55,0.5,0.41,0.41,0.35,0.29,0.26,0.29,0.32,0.25,0.21,0.2,0.15,0.12,0.16,0.09,0.09,0.08,0.09,0.08,0.14,0.13,0.13,0.12,0.11
Barbados,CAIT,Transportation,All GHG,MtCO₂e,0.43,0.43,0.44,0.43,0.42,0.41,0.42,0.65,0.54,0.47,1.36,0.51,0.45,0.45,0.44,0.42,0.43,0.43,0.4,0.38,0.38,0.38,0.34,0.28,0.33,0.32,0.31,0.36,0.27,0.27
Solomon Islands,CAIT,Energy,All GHG,MtCO₂e,0.36,0.36,0.35,0.36,0.31,0.34,0.39,0.35,0.35,0.34,0.33,0.32,0.34,0.34,0.34,0.31,0.27,0.26,0.25,0.24,0.23,0.22,0.21,0.21,0.2,0.19,0.18,0.17,0.16,0.15
Djibouti,CAIT,Energy,All GHG,MtCO₂e,0.35,0.33,0.34,0.35,0.4,0.34,0.5,0.5,0.48,0.52,0.47,0.47,0.47,0.43,0.43,0.4,0.41,0.4,0.38,0.37,0.39,0.39,0.33,0.3,0.32,0.29,0.3,0.3,0.29,0.27
Guinea-Bissau,CAIT,Energy,All GHG,MtCO₂e,0.33,0.32,0.31,0.31,0.28,0.27,0.25,0.25,0.24,0.24,0.23,0.22,0.23,0.22,0.21,0.21,0.19,0.15,0.15,0.15,0.19,0.17,0.2,0.18,0.18,0.18,0.18,0.18,0.17,0.17
Grenada,CAIT,Energy,All GHG,MtCO₂e,0.33,0.32,0.29,0.28,0.27,0.25,0.32,0.41,0.31,0.29,0.81,0.29,0.28,0.26,0.25,0.23,0.25,0.24,0.23,0.21,0.22,0.22,0.2,0.19,0.17,0.16,0.15,0.17,0.12,0.11
Comoros,CAIT,Energy,All GHG,MtCO₂e,0.32,0.3,0.28,0.22,0.19,0.17,0.19,0.16,0.15,0.17,0.14,0.11,0.11,0.17,0.15,0.15,0.14,0.11,0.11,0.1,0.1,0.09,0.08,0.08,0.08,0.07,0.07,0.07,0.07,0.07
Cape Verde,CAIT,Transportation,All GHG,MtCO₂e,0.3,0.28,0.28,0.26,0.24,0.24,0.25,0.27,0.29,0.26,0.25,0.23,0.27,0.27,0.23,0.11,0.09,0.08,0.07,0.07,0.06,0.05,0.04,0.04,0.04,0.03,0.03,0.04,0.04,0.04
Samoa,CAIT,Energy,All GHG,MtCO₂e,0.3,0.29,0.31,0.3,0.24,0.21,0.2,0.2,0.2,0.19,0.18,0.17,0.2,0.2,0.21,0.19,0.17,0.17,0.16,0.15,0.15,0.15,0.13,0.13,0.12,0.1,0.11,0.1,0.1,0.09
Eritrea,CAIT,Transportation,All GHG,MtCO₂e,0.27,0.26,0.23,0.19,0.19,0.18,0.18,0.17,0.16,0.15,0.12,0.12,0.13,0.14,0.19,0.26,0.28,0.28,0.26,0.21,0.22,0.24,0.37,0.39,0.34,0.3,0.22,0.12,N/A,N/A
Saint Vincent and the Grenadines,CAIT,Energy,All GHG,MtCO₂e,0.26,0.25,0.23,0.26,0.25,0.27,0.23,0.36,0.27,0.25,0.89,0.25,0.27,0.25,0.25,0.25,0.23,0.23,0.2,0.16,0.19,0.19,0.16,0.15,0.15,0.14,0.13,0.12,0.09,0.08
Saint Kitts and Nevis,CAIT,Energy,All GHG,MtCO₂e,0.25,0.25,0.24,0.25,0.24,0.23,0.23,0.34,0.28,0.24,0.7,0.25,0.25,0.23,0.22,0.24,0.23,0.23,0.21,0.19,0.18,0.18,0.16,0.15,0.15,0.15,0.14,0.15,0.11,0.11
Palau,CAIT,Energy,All GHG,MtCO₂e,0.25,0.25,0.26,0.25,0.21,0.22,0.22,0.22,0.21,0.21,0.2,0.21,0.24,0.25,0.26,0.23,0.22,0.22,0.22,0.21,0.2,0.2,0.2,0.2,0.2,0.2,0.2,0.2,0.0,0.0
Central African Republic,CAIT,Energy,All GHG,MtCO₂e,0.24,0.23,0.22,0.21,0.19,0.13,0.12,0.2,0.19,0.17,0.17,0.17,0.24,0.23,0.22,0.23,0.23,0.25,0.25,0.24,0.24,0.23,0.17,0.17,0.16,0.16,0.16,0.15,0.14,0.15
Solomon Islands,CAIT,Transportation,All GHG,MtCO₂e,0.23,0.23,0.23,0.23,0.2,0.22,0.27,0.25,0.25,0.23,0.22,0.21,0.22,0.22,0.22,0.21,0.18,0.17,0.16,0.15,0.15,0.15,0.15,0.15,0.14,0.14,0.12,0.11,0.1,0.1
Saint Lucia,CAIT,Transportation,All GHG,MtCO₂e,0.22,0.22,0.22,0.21,0.21,0.21,0.21,0.32,0.25,0.23,0.57,0.21,0.21,0.2,0.18,0.21,0.19,0.18,0.18,0.16,0.17,0.18,0.16,0.17,0.16,0.15,0.14,0.14,0.09,0.08
Antigua and Barbuda,CAIT,Transportation,All GHG,MtCO₂e,0.21,0.21,0.21,0.21,0.2,0.19,0.18,0.27,0.2,0.19,0.61,0.2,0.19,0.19,0.18,0.18,0.18,0.18,0.16,0.15,0.16,0.15,0.14,0.14,0.14,0.13,0.13,0.14,0.1,0.1
Central African Republic,CAIT,Transportation,All GHG,MtCO₂e,0.21,0.2,0.2,0.19,0.17,0.11,0.09,0.14,0.13,0.12,0.1,0.1,0.12,0.12,0.11,0.12,0.12,0.13,0.13,0.13,0.13,0.12,0.1,0.1,0.1,0.1,0.09,0.09,0.09,0.08
Seychelles,CAIT,Transportation,All GHG,MtCO₂e,0.21,0.2,0.16,0.13,0.11,0.11,0.09,0.09,0.09,0.1,0.11,0.13,0.11,0.08,0.1,0.16,0.08,0.09,0.09,0.07,0.11,0.09,0.08,0.06,0.06,0.07,0.06,0.07,0.05,0.05
Vanuatu,CAIT,Energy,All GHG,MtCO₂e,0.21,0.21,0.17,0.18,0.14,0.16,0.11,0.12,0.13,0.13,0.13,0.1,0.11,0.07,0.07,0.07,0.09,0.08,0.09,0.09,0.09,0.08,0.09,0.09,0.07,0.06,0.06,0.06,0.07,0.07
Gabon,CAIT,Transportation,All GHG,MtCO₂e,0.2,0.2,0.21,0.88,0.83,0.85,0.87,0.77,0.74,0.65,0.42,0.44,0.43,0.38,0.38,0.38,0.36,0.4,0.37,0.33,0.4,0.42,0.39,0.35,0.35,0.32,0.4,0.38,0.4,0.33
Comoros,CAIT,Transportation,All GHG,MtCO₂e,0.18,0.17,0.15,0.14,0.11,0.1,0.12,0.08,0.08,0.09,0.08,0.06,0.05,0.11,0.09,0.09,0.09,0.07,0.07,0.07,0.06,0.06,0.05,0.05,0.05,0.05,0.05,0.05,0.04,0.04
Micronesia,CAIT,Energy,All GHG,MtCO₂e,0.18,0.17,0.18,0.17,0.15,0.14,0.14,0.13,0.12,0.11,0.13,0.12,0.14,0.14,0.16,0.16,0.16,0.14,0.15,0.13,0.13,0.13,0.12,0.12,0.12,0.11,0.11,0.11,0.0,0.0
Marshall Islands,CAIT,Energy,All GHG,MtCO₂e,0.18,0.18,0.18,0.18,0.15,0.15,0.14,0.14,0.14,0.14,0.14,0.13,0.14,0.14,0.14,0.13,0.11,0.12,0.11,0.1,0.1,0.1,0.09,0.09,0.09,0.09,0.09,0.08,0.0,0.0
Dominica,CAIT,Energy,All GHG,MtCO₂e,0.17,0.17,0.17,0.18,0.18,0.18,0.17,0.25,0.18,0.18,0.5,0.18,0.18,0.17,0.16,0.16,0.14,0.12,0.15,0.13,0.11,0.11,0.1,0.08,0.1,0.08,0.08,0.08,0.06,0.06
Samoa,CAIT,Transportation,All GHG,MtCO₂e,0.17,0.17,0.17,0.17,0.13,0.11,0.11,0.11,0.11,0.11,0.11,0.1,0.11,0.11,0.12,0.11,0.1,0.1,0.09,0.09,0.09,0.09,0.08,0.08,0.08,0.07,0.07,0.06,0.05,0.05
Tonga,CAIT,Energy,All GHG,MtCO₂e,0.16,0.16,0.18,0.15,0.12,0.11,0.12,0.11,0.11,0.12,0.14,0.13,0.13,0.15,0.13,0.13,0.12,0.1,0.09,0.1,0.11,0.09,0.09,0.08,0.1,0.09,0.09,0.08,0.09,0.08
Djibouti,CAIT,Transportation,All GHG,MtCO₂e,0.15,0.14,0.14,0.14,0.11,0.12,0.1,0.07,0.08,0.09,0.07,0.08,0.08,0.07,0.07,0.06,0.06,0.06,0.07,0.07,0.11,0.1,0.07,0.05,0.06,0.05,0.05,0.05,0.05,0.05
Liechtenstein,CAIT,Energy,All GHG,MtCO₂e,0.15,0.14,0.16,0.15,0.16,0.16,0.19,0.19,0.18,0.19,0.21,0.22,0.2,0.23,0.23,0.23,0.23,0.22,0.22,0.22,0.23,0.23,0.22,0.21,0.2,0.2,0.22,0.21,0.21,0.2
Palau,CAIT,Transportation,All GHG,MtCO₂e,0.15,0.15,0.16,0.15,0.12,0.14,0.14,0.15,0.13,0.13,0.13,0.13,0.14,0.14,0.14,0.12,0.11,0.11,0.11,0.11,0.11,0.11,0.11,0.1,0.1,0.1,0.1,0.1,0.0,0.0
Somalia,CAIT,Transportation,All GHG,MtCO₂e,0.15,0.14,0.14,0.14,0.13,0.13,0.14,0.13,0.14,0.14,0.16,0.16,0.15,0.14,0.14,0.14,0.14,0.14,0.14,0.14,0.16,0.18,0.2,0.21,0.22,0.24,0.26,0.27,0.29,0.31
Sao Tome and Principe,CAIT,Energy,All GHG,MtCO₂e,0.15,0.14,0.14,0.13,0.12,0.12,0.12,0.12,0.1,0.1,0.09,0.09,0.08,0.08,0.08,0.07,0.07,0.06,0.05,0.05,0.05,0.05,0.05,0.05,0.05,0.05,0.04,0.04,0.05,0.05
Vanuatu,CAIT,Transportation,All GHG,MtCO₂e,0.15,0.15,0.11,0.13,0.1,0.12,0.08,0.08,0.09,0.08,0.08,0.05,0.07,0.02,0.02,0.02,0.04,0.04,0.05,0.05,0.05,0.05,0.05,0.05,0.03,0.03,0.03,0.03,0.04,0.04
Saint Vincent and the Grenadines,CAIT,Transportation,All GHG,MtCO₂e,0.14,0.14,0.11,0.13,0.12,0.15,0.12,0.21,0.16,0.15,0.58,0.16,0.16,0.15,0.14,0.15,0.14,0.13,0.12,0.09,0.11,0.12,0.09,0.08,0.09,0.07,0.07,0.07,0.05,0.05
Guinea-Bissau,CAIT,Transportation,All GHG,MtCO₂e,0.12,0.11,0.11,0.11,0.11,0.11,0.11,0.1,0.1,0.1,0.1,0.08,0.09,0.09,0.08,0.08,0.07,0.03,0.02,0.02,0.08,0.06,0.06,0.04,0.05,0.05,0.05,0.05,0.06,0.06
Grenada,CAIT,Transportation,All GHG,MtCO₂e,0.11,0.11,0.1,0.1,0.1,0.11,0.1,0.15,0.12,0.11,0.33,0.11,0.11,0.11,0.1,0.1,0.1,0.1,0.09,0.08,0.09,0.09,0.08,0.08,0.06,0.06,0.05,0.06,0.04,0.04
Marshall Islands,CAIT,Transportation,All GHG,MtCO₂e,0.11,0.11,0.11,0.1,0.09,0.09,0.08,0.09,0.09,0.08,0.07,0.07,0.07,0.06,0.05,0.05,0.04,0.04,0.04,0.04,0.04,0.04,0.04,0.04,0.03,0.03,0.03,0.03,0.0,0.0
Micronesia,CAIT,Transportation,All GHG,MtCO₂e,0.1,0.1,0.1,0.1,0.08,0.08,0.08,0.07,0.07,0.06,0.08,0.07,0.07,0.08,0.08,0.07,0.07,0.07,0.08,0.06,0.06,0.06,0.06,0.06,0.05,0.05,0.05,0.05,0.0,0.0
Tonga,CAIT,Transportation,All GHG,MtCO₂e,0.1,0.1,0.13,0.1,0.07,0.07,0.07,0.07,0.07,0.07,0.09,0.08,0.08,0.1,0.09,0.08,0.08,0.07,0.06,0.06,0.07,0.06,0.07,0.05,0.07,0.07,0.06,0.05,0.07,0.06
Cook Islands,CAIT,Energy,All GHG,MtCO₂e,0.09,0.09,0.09,0.08,0.07,0.08,0.08,0.08,0.07,0.07,0.06,0.06,0.07,0.07,0.07,0.06,0.05,0.04,0.05,0.05,0.05,0.05,0.05,0.05,0.04,0.04,0.04,0.04,0.04,0.04
Gambia,CAIT,Transportation,All GHG,MtCO₂e,0.09,0.08,0.08,0.08,0.08,0.08,0.07,0.07,0.07,0.07,0.22,0.16,0.16,0.12,0.12,0.12,0.12,0.12,0.11,0.09,0.09,0.09,0.09,0.08,0.08,0.08,0.08,0.08,0.08,0.08
Kiribati,CAIT,Energy,All GHG,MtCO₂e,0.09,0.09,0.09,0.07,0.06,0.06,0.06,0.06,0.05,0.05,0.06,0.06,0.06,0.07,0.07,0.05,0.04,0.04,0.03,0.03,0.03,0.03,0.03,0.03,0.03,0.03,0.03,0.02,0.02,0.02
Timor-Leste,CAIT,Transportation,All GHG,MtCO₂e,0.09,0.09,0.09,0.08,0.07,0.07,0.07,0.06,0.06,0.05,0.05,0.05,0.05,0.04,0.05,0.04,0.03,0.03,0.0,0.0,0.0,0.0,0.0,0.0,0.0,0.0,0.0,0.0,0.0,0.0
Saint Kitts and Nevis,CAIT,Transportation,All GHG,MtCO₂e,0.08,0.08,0.08,0.08,0.07,0.07,0.07,0.1,0.08,0.07,0.19,0.07,0.06,0.06,0.05,0.06,0.07,0.07,0.05,0.06,0.06,0.06,0.05,0.05,0.05,0.04,0.04,0.05,0.03,0.03
Cook Islands,CAIT,Transportation,All GHG,MtCO₂e,0.06,0.06,0.06,0.06,0.05,0.05,0.05,0.05,0.05,0.04,0.04,0.04,0.04,0.04,0.04,0.03,0.03,0.02,0.03,0.03,0.03,0.03,0.03,0.03,0.03,0.03,0.03,0.03,0.03,0.03
Dominica,CAIT,Transportation,All GHG,MtCO₂e,0.06,0.06,0.05,0.06,0.06,0.06,0.05,0.08,0.06,0.06,0.17,0.06,0.06,0.06,0.06,0.07,0.08,0.07,0.09,0.08,0.06,0.06,0.05,0.04,0.05,0.05,0.05,0.05,0.04,0.04
Nauru,CAIT,Energy,All GHG,MtCO₂e,0.06,0.06,0.07,0.06,0.06,0.05,0.05,0.04,0.04,0.04,0.04,0.04,0.04,0.05,0.07,0.07,0.07,0.08,0.08,0.09,0.09,0.1,0.1,0.1,0.11,0.11,0.11,0.12,0.13,0.13
Kiribati,CAIT,Transportation,All GHG,MtCO₂e,0.04,0.04,0.04,0.03,0.03,0.03,0.03,0.02,0.02,0.02,0.02,0.04,0.03,0.04,0.04,0.03,0.02,0.02,0.02,0.02,0.01,0.02,0.02,0.02,0.02,0.02,0.02,0.01,0.01,0.01
Sao Tome and Principe,CAIT,Transportation,All GHG,MtCO₂e,0.04,0.03,0.03,0.03,0.03,0.03,0.03,0.03,0.03,0.03,0.03,0.03,0.02,0.02,0.02,0.02,0.02,0.02,0.01,0.02,0.02,0.02,0.02,0.02,0.02,0.02,0.02,0.02,0.02,0.02
Nauru,CAIT,Transportation,All GHG,MtCO₂e,0.02,0.02,0.02,0.02,0.01,0.01,0.01,0.01,0.01,0.01,0.01,0.01,0.01,0.01,0.01,0.01,0.01,0.02,0.02,0.02,0.02,0.03,0.03,0.03,0.03,0.03,0.03,0.03,0.03,0.03
Niue,CAIT,Energy,All GHG,MtCO₂e,0.01,0.01,0.01,0.01,0.01,0.01,0.01,0.01,0.01,0.0,0.01,0.01,0.01,0.01,0.01,0.01,0.01,0.01,0.01,0.01,0.01,0.01,0.01,0.01,0.01,0.01,0.01,0.01,0.01,0.01
Tuvalu,CAIT,Energy,All GHG,MtCO₂e,0.01,0.01,0.01,0.01,0.01,0.01,0.01,0.01,0.01,0.01,0.01,0.01,0.01,0.01,0.01,0.01,0.01,0.01,0.01,0.01,0.01,0.01,0.01,0.01,0.01,0.01,0.01,0.01,0.01,0.01
Niue,CAIT,Transportation,All GHG,MtCO₂e,0.0,0.0,0.0,0.0,0.0,0.0,0.0,0.0,0.0,0.0,0.0,0.0,0.0,0.0,0.0,0.0,0.0,0.0,0.0,0.0,0.0,0.0,0.0,0.0,0.0,0.0,0.0,0.0,0.0,0.0
Tuvalu,CAIT,Transportation,All GHG,MtCO₂e,0.0,0.0,0.0,0.0,0.0,0.0,0.0,0.0,0.0,0.0,0.0,0.0,0.01,0.0,0.0,0.0,0.0,0.0,0.0,0.0,0.0,0.0,0.0,0.0,0.0,0.0,0.0,0.0,0.0,0.0
